./correios/models/user.py,assert_used,B101,LOW,HIGH,https://cwe.mitre.org/data/definitions/703.html,Use of assert detected. The enclosed code will be removed when compiling to optimised byte code.,94,8,39,[94],https://bandit.readthedocs.io/en/1.7.6/plugins/b101_assert_used.html
./correios/xml_utils.py,blacklist,B410,LOW,HIGH,https://cwe.mitre.org/data/definitions/20.html,Using etree to parse untrusted XML data is known to be vulnerable to XML attacks. Replace etree with the equivalent defusedxml package.,17,0,22,[17],https://bandit.readthedocs.io/en/1.7.6/blacklists/blacklist_imports.html#b410-import-lxml
./tests/conftest.py,blacklist,B311,LOW,HIGH,https://cwe.mitre.org/data/definitions/330.html,Standard pseudo-random generators are not suitable for security/cryptographic purposes.,95,13,56,[95],https://bandit.readthedocs.io/en/1.7.6/blacklists/blacklist_calls.html#b311-random
./tests/conftest.py,blacklist,B311,LOW,HIGH,https://cwe.mitre.org/data/definitions/330.html,Standard pseudo-random generators are not suitable for security/cryptographic purposes.,96,25,48,[96],https://bandit.readthedocs.io/en/1.7.6/blacklists/blacklist_calls.html#b311-random
./tests/conftest.py,blacklist,B311,LOW,HIGH,https://cwe.mitre.org/data/definitions/330.html,Standard pseudo-random generators are not suitable for security/cryptographic purposes.,156,33,55,[156],https://bandit.readthedocs.io/en/1.7.6/blacklists/blacklist_calls.html#b311-random
./tests/conftest.py,blacklist,B311,LOW,HIGH,https://cwe.mitre.org/data/definitions/330.html,Standard pseudo-random generators are not suitable for security/cryptographic purposes.,157,34,55,[157],https://bandit.readthedocs.io/en/1.7.6/blacklists/blacklist_calls.html#b311-random
./tests/conftest.py,blacklist,B311,LOW,HIGH,https://cwe.mitre.org/data/definitions/330.html,Standard pseudo-random generators are not suitable for security/cryptographic purposes.,158,34,56,[158],https://bandit.readthedocs.io/en/1.7.6/blacklists/blacklist_calls.html#b311-random
./tests/conftest.py,blacklist,B311,LOW,HIGH,https://cwe.mitre.org/data/definitions/330.html,Standard pseudo-random generators are not suitable for security/cryptographic purposes.,159,34,56,[159],https://bandit.readthedocs.io/en/1.7.6/blacklists/blacklist_calls.html#b311-random
./tests/conftest.py,blacklist,B311,LOW,HIGH,https://cwe.mitre.org/data/definitions/330.html,Standard pseudo-random generators are not suitable for security/cryptographic purposes.,173,35,59,[173],https://bandit.readthedocs.io/en/1.7.6/blacklists/blacklist_calls.html#b311-random
./tests/conftest.py,blacklist,B311,LOW,HIGH,https://cwe.mitre.org/data/definitions/330.html,Standard pseudo-random generators are not suitable for security/cryptographic purposes.,176,60,86,[176],https://bandit.readthedocs.io/en/1.7.6/blacklists/blacklist_calls.html#b311-random
./tests/conftest.py,blacklist,B311,LOW,HIGH,https://cwe.mitre.org/data/definitions/330.html,Standard pseudo-random generators are not suitable for security/cryptographic purposes.,177,60,82,[177],https://bandit.readthedocs.io/en/1.7.6/blacklists/blacklist_calls.html#b311-random
./tests/test_address_models.py,assert_used,B101,LOW,HIGH,https://cwe.mitre.org/data/definitions/703.html,Use of assert detected. The enclosed code will be removed when compiling to optimised byte code.,28,4,38,[28],https://bandit.readthedocs.io/en/1.7.6/plugins/b101_assert_used.html
./tests/test_address_models.py,assert_used,B101,LOW,HIGH,https://cwe.mitre.org/data/definitions/703.html,Use of assert detected. The enclosed code will be removed when compiling to optimised byte code.,29,4,35,[29],https://bandit.readthedocs.io/en/1.7.6/plugins/b101_assert_used.html
./tests/test_address_models.py,assert_used,B101,LOW,HIGH,https://cwe.mitre.org/data/definitions/703.html,Use of assert detected. The enclosed code will be removed when compiling to optimised byte code.,30,4,32,[30],https://bandit.readthedocs.io/en/1.7.6/plugins/b101_assert_used.html
./tests/test_address_models.py,assert_used,B101,LOW,HIGH,https://cwe.mitre.org/data/definitions/703.html,Use of assert detected. The enclosed code will be removed when compiling to optimised byte code.,35,4,38,[35],https://bandit.readthedocs.io/en/1.7.6/plugins/b101_assert_used.html
./tests/test_address_models.py,assert_used,B101,LOW,HIGH,https://cwe.mitre.org/data/definitions/703.html,Use of assert detected. The enclosed code will be removed when compiling to optimised byte code.,36,4,35,[36],https://bandit.readthedocs.io/en/1.7.6/plugins/b101_assert_used.html
./tests/test_address_models.py,assert_used,B101,LOW,HIGH,https://cwe.mitre.org/data/definitions/703.html,Use of assert detected. The enclosed code will be removed when compiling to optimised byte code.,37,4,32,[37],https://bandit.readthedocs.io/en/1.7.6/plugins/b101_assert_used.html
./tests/test_address_models.py,assert_used,B101,LOW,HIGH,https://cwe.mitre.org/data/definitions/703.html,Use of assert detected. The enclosed code will be removed when compiling to optimised byte code.,109,4,34,[109],https://bandit.readthedocs.io/en/1.7.6/plugins/b101_assert_used.html
./tests/test_address_models.py,assert_used,B101,LOW,HIGH,https://cwe.mitre.org/data/definitions/703.html,Use of assert detected. The enclosed code will be removed when compiling to optimised byte code.,169,4,36,[169],https://bandit.readthedocs.io/en/1.7.6/plugins/b101_assert_used.html
./tests/test_address_models.py,assert_used,B101,LOW,HIGH,https://cwe.mitre.org/data/definitions/703.html,Use of assert detected. The enclosed code will be removed when compiling to optimised byte code.,173,4,50,[173],https://bandit.readthedocs.io/en/1.7.6/plugins/b101_assert_used.html
./tests/test_address_models.py,assert_used,B101,LOW,HIGH,https://cwe.mitre.org/data/definitions/703.html,Use of assert detected. The enclosed code will be removed when compiling to optimised byte code.,177,4,67,[177],https://bandit.readthedocs.io/en/1.7.6/plugins/b101_assert_used.html
./tests/test_address_models.py,assert_used,B101,LOW,HIGH,https://cwe.mitre.org/data/definitions/703.html,Use of assert detected. The enclosed code will be removed when compiling to optimised byte code.,181,4,55,[181],https://bandit.readthedocs.io/en/1.7.6/plugins/b101_assert_used.html
./tests/test_address_models.py,assert_used,B101,LOW,HIGH,https://cwe.mitre.org/data/definitions/703.html,Use of assert detected. The enclosed code will be removed when compiling to optimised byte code.,190,4,34,[190],https://bandit.readthedocs.io/en/1.7.6/plugins/b101_assert_used.html
./tests/test_address_models.py,assert_used,B101,LOW,HIGH,https://cwe.mitre.org/data/definitions/703.html,Use of assert detected. The enclosed code will be removed when compiling to optimised byte code.,199,4,58,[199],https://bandit.readthedocs.io/en/1.7.6/plugins/b101_assert_used.html
./tests/test_address_models.py,assert_used,B101,LOW,HIGH,https://cwe.mitre.org/data/definitions/703.html,Use of assert detected. The enclosed code will be removed when compiling to optimised byte code.,204,4,34,[204],https://bandit.readthedocs.io/en/1.7.6/plugins/b101_assert_used.html
./tests/test_address_models.py,assert_used,B101,LOW,HIGH,https://cwe.mitre.org/data/definitions/703.html,Use of assert detected. The enclosed code will be removed when compiling to optimised byte code.,205,4,46,[205],https://bandit.readthedocs.io/en/1.7.6/plugins/b101_assert_used.html
./tests/test_address_models.py,assert_used,B101,LOW,HIGH,https://cwe.mitre.org/data/definitions/703.html,Use of assert detected. The enclosed code will be removed when compiling to optimised byte code.,206,4,44,[206],https://bandit.readthedocs.io/en/1.7.6/plugins/b101_assert_used.html
./tests/test_address_models.py,assert_used,B101,LOW,HIGH,https://cwe.mitre.org/data/definitions/703.html,Use of assert detected. The enclosed code will be removed when compiling to optimised byte code.,207,4,38,[207],https://bandit.readthedocs.io/en/1.7.6/plugins/b101_assert_used.html
./tests/test_address_models.py,assert_used,B101,LOW,HIGH,https://cwe.mitre.org/data/definitions/703.html,Use of assert detected. The enclosed code will be removed when compiling to optimised byte code.,208,4,38,[208],https://bandit.readthedocs.io/en/1.7.6/plugins/b101_assert_used.html
./tests/test_address_models.py,assert_used,B101,LOW,HIGH,https://cwe.mitre.org/data/definitions/703.html,Use of assert detected. The enclosed code will be removed when compiling to optimised byte code.,209,4,47,[209],https://bandit.readthedocs.io/en/1.7.6/plugins/b101_assert_used.html
./tests/test_address_models.py,assert_used,B101,LOW,HIGH,https://cwe.mitre.org/data/definitions/703.html,Use of assert detected. The enclosed code will be removed when compiling to optimised byte code.,214,4,22,[214],https://bandit.readthedocs.io/en/1.7.6/plugins/b101_assert_used.html
./tests/test_address_models.py,assert_used,B101,LOW,HIGH,https://cwe.mitre.org/data/definitions/703.html,Use of assert detected. The enclosed code will be removed when compiling to optimised byte code.,215,4,35,[215],https://bandit.readthedocs.io/en/1.7.6/plugins/b101_assert_used.html
./tests/test_address_models.py,assert_used,B101,LOW,HIGH,https://cwe.mitre.org/data/definitions/703.html,Use of assert detected. The enclosed code will be removed when compiling to optimised byte code.,216,4,32,[216],https://bandit.readthedocs.io/en/1.7.6/plugins/b101_assert_used.html
./tests/test_address_models.py,assert_used,B101,LOW,HIGH,https://cwe.mitre.org/data/definitions/703.html,Use of assert detected. The enclosed code will be removed when compiling to optimised byte code.,217,4,28,[217],https://bandit.readthedocs.io/en/1.7.6/plugins/b101_assert_used.html
./tests/test_address_models.py,assert_used,B101,LOW,HIGH,https://cwe.mitre.org/data/definitions/703.html,Use of assert detected. The enclosed code will be removed when compiling to optimised byte code.,218,4,27,[218],https://bandit.readthedocs.io/en/1.7.6/plugins/b101_assert_used.html
./tests/test_address_models.py,assert_used,B101,LOW,HIGH,https://cwe.mitre.org/data/definitions/703.html,Use of assert detected. The enclosed code will be removed when compiling to optimised byte code.,219,4,36,[219],https://bandit.readthedocs.io/en/1.7.6/plugins/b101_assert_used.html
./tests/test_address_models.py,assert_used,B101,LOW,HIGH,https://cwe.mitre.org/data/definitions/703.html,Use of assert detected. The enclosed code will be removed when compiling to optimised byte code.,253,4,29,[253],https://bandit.readthedocs.io/en/1.7.6/plugins/b101_assert_used.html
./tests/test_address_models.py,assert_used,B101,LOW,HIGH,https://cwe.mitre.org/data/definitions/703.html,Use of assert detected. The enclosed code will be removed when compiling to optimised byte code.,254,4,34,[254],https://bandit.readthedocs.io/en/1.7.6/plugins/b101_assert_used.html
./tests/test_address_models.py,assert_used,B101,LOW,HIGH,https://cwe.mitre.org/data/definitions/703.html,Use of assert detected. The enclosed code will be removed when compiling to optimised byte code.,257,4,29,[257],https://bandit.readthedocs.io/en/1.7.6/plugins/b101_assert_used.html
./tests/test_address_models.py,assert_used,B101,LOW,HIGH,https://cwe.mitre.org/data/definitions/703.html,Use of assert detected. The enclosed code will be removed when compiling to optimised byte code.,258,4,34,[258],https://bandit.readthedocs.io/en/1.7.6/plugins/b101_assert_used.html
./tests/test_address_models.py,assert_used,B101,LOW,HIGH,https://cwe.mitre.org/data/definitions/703.html,Use of assert detected. The enclosed code will be removed when compiling to optimised byte code.,264,4,29,[264],https://bandit.readthedocs.io/en/1.7.6/plugins/b101_assert_used.html
./tests/test_address_models.py,assert_used,B101,LOW,HIGH,https://cwe.mitre.org/data/definitions/703.html,Use of assert detected. The enclosed code will be removed when compiling to optimised byte code.,265,4,48,[265],https://bandit.readthedocs.io/en/1.7.6/plugins/b101_assert_used.html
./tests/test_address_models.py,assert_used,B101,LOW,HIGH,https://cwe.mitre.org/data/definitions/703.html,Use of assert detected. The enclosed code will be removed when compiling to optimised byte code.,277,4,49,[277],https://bandit.readthedocs.io/en/1.7.6/plugins/b101_assert_used.html
./tests/test_address_models.py,assert_used,B101,LOW,HIGH,https://cwe.mitre.org/data/definitions/703.html,Use of assert detected. The enclosed code will be removed when compiling to optimised byte code.,281,4,73,[281],https://bandit.readthedocs.io/en/1.7.6/plugins/b101_assert_used.html
./tests/test_address_models.py,assert_used,B101,LOW,HIGH,https://cwe.mitre.org/data/definitions/703.html,Use of assert detected. The enclosed code will be removed when compiling to optimised byte code.,301,4,37,[301],https://bandit.readthedocs.io/en/1.7.6/plugins/b101_assert_used.html
./tests/test_address_models.py,assert_used,B101,LOW,HIGH,https://cwe.mitre.org/data/definitions/703.html,Use of assert detected. The enclosed code will be removed when compiling to optimised byte code.,302,4,43,[302],https://bandit.readthedocs.io/en/1.7.6/plugins/b101_assert_used.html
./tests/test_address_models.py,assert_used,B101,LOW,HIGH,https://cwe.mitre.org/data/definitions/703.html,Use of assert detected. The enclosed code will be removed when compiling to optimised byte code.,303,4,46,[303],https://bandit.readthedocs.io/en/1.7.6/plugins/b101_assert_used.html
./tests/test_address_models.py,assert_used,B101,LOW,HIGH,https://cwe.mitre.org/data/definitions/703.html,Use of assert detected. The enclosed code will be removed when compiling to optimised byte code.,304,4,50,[304],https://bandit.readthedocs.io/en/1.7.6/plugins/b101_assert_used.html
./tests/test_address_models.py,assert_used,B101,LOW,HIGH,https://cwe.mitre.org/data/definitions/703.html,Use of assert detected. The enclosed code will be removed when compiling to optimised byte code.,305,4,44,[305],https://bandit.readthedocs.io/en/1.7.6/plugins/b101_assert_used.html
./tests/test_address_models.py,assert_used,B101,LOW,HIGH,https://cwe.mitre.org/data/definitions/703.html,Use of assert detected. The enclosed code will be removed when compiling to optimised byte code.,306,4,32,[306],https://bandit.readthedocs.io/en/1.7.6/plugins/b101_assert_used.html
./tests/test_address_models.py,assert_used,B101,LOW,HIGH,https://cwe.mitre.org/data/definitions/703.html,Use of assert detected. The enclosed code will be removed when compiling to optimised byte code.,307,4,42,[307],https://bandit.readthedocs.io/en/1.7.6/plugins/b101_assert_used.html
./tests/test_address_models.py,assert_used,B101,LOW,HIGH,https://cwe.mitre.org/data/definitions/703.html,Use of assert detected. The enclosed code will be removed when compiling to optimised byte code.,308,4,43,[308],https://bandit.readthedocs.io/en/1.7.6/plugins/b101_assert_used.html
./tests/test_address_models.py,assert_used,B101,LOW,HIGH,https://cwe.mitre.org/data/definitions/703.html,Use of assert detected. The enclosed code will be removed when compiling to optimised byte code.,309,4,47,[309],https://bandit.readthedocs.io/en/1.7.6/plugins/b101_assert_used.html
./tests/test_address_models.py,assert_used,B101,LOW,HIGH,https://cwe.mitre.org/data/definitions/703.html,Use of assert detected. The enclosed code will be removed when compiling to optimised byte code.,310,4,32,[310],https://bandit.readthedocs.io/en/1.7.6/plugins/b101_assert_used.html
./tests/test_address_models.py,assert_used,B101,LOW,HIGH,https://cwe.mitre.org/data/definitions/703.html,Use of assert detected. The enclosed code will be removed when compiling to optimised byte code.,311,4,42,[311],https://bandit.readthedocs.io/en/1.7.6/plugins/b101_assert_used.html
./tests/test_address_models.py,assert_used,B101,LOW,HIGH,https://cwe.mitre.org/data/definitions/703.html,Use of assert detected. The enclosed code will be removed when compiling to optimised byte code.,312,4,50,[312],https://bandit.readthedocs.io/en/1.7.6/plugins/b101_assert_used.html
./tests/test_address_models.py,assert_used,B101,LOW,HIGH,https://cwe.mitre.org/data/definitions/703.html,Use of assert detected. The enclosed code will be removed when compiling to optimised byte code.,313,4,72,[313],https://bandit.readthedocs.io/en/1.7.6/plugins/b101_assert_used.html
./tests/test_address_models.py,assert_used,B101,LOW,HIGH,https://cwe.mitre.org/data/definitions/703.html,Use of assert detected. The enclosed code will be removed when compiling to optimised byte code.,326,4,37,[326],https://bandit.readthedocs.io/en/1.7.6/plugins/b101_assert_used.html
./tests/test_address_models.py,assert_used,B101,LOW,HIGH,https://cwe.mitre.org/data/definitions/703.html,Use of assert detected. The enclosed code will be removed when compiling to optimised byte code.,327,4,44,[327],https://bandit.readthedocs.io/en/1.7.6/plugins/b101_assert_used.html
./tests/test_address_models.py,assert_used,B101,LOW,HIGH,https://cwe.mitre.org/data/definitions/703.html,Use of assert detected. The enclosed code will be removed when compiling to optimised byte code.,328,4,32,[328],https://bandit.readthedocs.io/en/1.7.6/plugins/b101_assert_used.html
./tests/test_address_models.py,assert_used,B101,LOW,HIGH,https://cwe.mitre.org/data/definitions/703.html,Use of assert detected. The enclosed code will be removed when compiling to optimised byte code.,329,4,47,[329],https://bandit.readthedocs.io/en/1.7.6/plugins/b101_assert_used.html
./tests/test_address_models.py,assert_used,B101,LOW,HIGH,https://cwe.mitre.org/data/definitions/703.html,Use of assert detected. The enclosed code will be removed when compiling to optimised byte code.,330,4,32,[330],https://bandit.readthedocs.io/en/1.7.6/plugins/b101_assert_used.html
./tests/test_address_models.py,assert_used,B101,LOW,HIGH,https://cwe.mitre.org/data/definitions/703.html,Use of assert detected. The enclosed code will be removed when compiling to optimised byte code.,331,4,42,[331],https://bandit.readthedocs.io/en/1.7.6/plugins/b101_assert_used.html
./tests/test_address_models.py,assert_used,B101,LOW,HIGH,https://cwe.mitre.org/data/definitions/703.html,Use of assert detected. The enclosed code will be removed when compiling to optimised byte code.,332,4,30,[332],https://bandit.readthedocs.io/en/1.7.6/plugins/b101_assert_used.html
./tests/test_address_models.py,assert_used,B101,LOW,HIGH,https://cwe.mitre.org/data/definitions/703.html,Use of assert detected. The enclosed code will be removed when compiling to optimised byte code.,333,4,35,[333],https://bandit.readthedocs.io/en/1.7.6/plugins/b101_assert_used.html
./tests/test_address_models.py,assert_used,B101,LOW,HIGH,https://cwe.mitre.org/data/definitions/703.html,Use of assert detected. The enclosed code will be removed when compiling to optimised byte code.,334,4,37,[334],https://bandit.readthedocs.io/en/1.7.6/plugins/b101_assert_used.html
./tests/test_address_models.py,assert_used,B101,LOW,HIGH,https://cwe.mitre.org/data/definitions/703.html,Use of assert detected. The enclosed code will be removed when compiling to optimised byte code.,335,4,30,[335],https://bandit.readthedocs.io/en/1.7.6/plugins/b101_assert_used.html
./tests/test_address_models.py,assert_used,B101,LOW,HIGH,https://cwe.mitre.org/data/definitions/703.html,Use of assert detected. The enclosed code will be removed when compiling to optimised byte code.,336,4,34,[336],https://bandit.readthedocs.io/en/1.7.6/plugins/b101_assert_used.html
./tests/test_address_models.py,assert_used,B101,LOW,HIGH,https://cwe.mitre.org/data/definitions/703.html,Use of assert detected. The enclosed code will be removed when compiling to optimised byte code.,337,4,45,[337],https://bandit.readthedocs.io/en/1.7.6/plugins/b101_assert_used.html
./tests/test_address_models.py,assert_used,B101,LOW,HIGH,https://cwe.mitre.org/data/definitions/703.html,Use of assert detected. The enclosed code will be removed when compiling to optimised byte code.,338,4,46,[338],https://bandit.readthedocs.io/en/1.7.6/plugins/b101_assert_used.html
./tests/test_address_models.py,assert_used,B101,LOW,HIGH,https://cwe.mitre.org/data/definitions/703.html,Use of assert detected. The enclosed code will be removed when compiling to optimised byte code.,339,4,54,[339],https://bandit.readthedocs.io/en/1.7.6/plugins/b101_assert_used.html
./tests/test_address_models.py,assert_used,B101,LOW,HIGH,https://cwe.mitre.org/data/definitions/703.html,Use of assert detected. The enclosed code will be removed when compiling to optimised byte code.,354,4,71,[354],https://bandit.readthedocs.io/en/1.7.6/plugins/b101_assert_used.html
./tests/test_address_models.py,assert_used,B101,LOW,HIGH,https://cwe.mitre.org/data/definitions/703.html,Use of assert detected. The enclosed code will be removed when compiling to optimised byte code.,368,4,64,[368],https://bandit.readthedocs.io/en/1.7.6/plugins/b101_assert_used.html
./tests/test_address_models.py,assert_used,B101,LOW,HIGH,https://cwe.mitre.org/data/definitions/703.html,Use of assert detected. The enclosed code will be removed when compiling to optimised byte code.,383,4,46,[383],https://bandit.readthedocs.io/en/1.7.6/plugins/b101_assert_used.html
./tests/test_address_models.py,assert_used,B101,LOW,HIGH,https://cwe.mitre.org/data/definitions/703.html,Use of assert detected. The enclosed code will be removed when compiling to optimised byte code.,384,4,35,[384],https://bandit.readthedocs.io/en/1.7.6/plugins/b101_assert_used.html
./tests/test_address_models.py,assert_used,B101,LOW,HIGH,https://cwe.mitre.org/data/definitions/703.html,Use of assert detected. The enclosed code will be removed when compiling to optimised byte code.,385,4,51,[385],https://bandit.readthedocs.io/en/1.7.6/plugins/b101_assert_used.html
./tests/test_address_models.py,assert_used,B101,LOW,HIGH,https://cwe.mitre.org/data/definitions/703.html,Use of assert detected. The enclosed code will be removed when compiling to optimised byte code.,403,8,45,[403],https://bandit.readthedocs.io/en/1.7.6/plugins/b101_assert_used.html
./tests/test_address_models.py,assert_used,B101,LOW,HIGH,https://cwe.mitre.org/data/definitions/703.html,Use of assert detected. The enclosed code will be removed when compiling to optimised byte code.,404,8,46,[404],https://bandit.readthedocs.io/en/1.7.6/plugins/b101_assert_used.html
./tests/test_address_models.py,assert_used,B101,LOW,HIGH,https://cwe.mitre.org/data/definitions/703.html,Use of assert detected. The enclosed code will be removed when compiling to optimised byte code.,405,8,46,[405],https://bandit.readthedocs.io/en/1.7.6/plugins/b101_assert_used.html
./tests/test_address_models.py,assert_used,B101,LOW,HIGH,https://cwe.mitre.org/data/definitions/703.html,Use of assert detected. The enclosed code will be removed when compiling to optimised byte code.,406,8,47,[406],https://bandit.readthedocs.io/en/1.7.6/plugins/b101_assert_used.html
./tests/test_address_models.py,assert_used,B101,LOW,HIGH,https://cwe.mitre.org/data/definitions/703.html,Use of assert detected. The enclosed code will be removed when compiling to optimised byte code.,408,8,42,[408],https://bandit.readthedocs.io/en/1.7.6/plugins/b101_assert_used.html
./tests/test_address_models.py,assert_used,B101,LOW,HIGH,https://cwe.mitre.org/data/definitions/703.html,Use of assert detected. The enclosed code will be removed when compiling to optimised byte code.,409,8,79,[409],https://bandit.readthedocs.io/en/1.7.6/plugins/b101_assert_used.html
./tests/test_address_models.py,assert_used,B101,LOW,HIGH,https://cwe.mitre.org/data/definitions/703.html,Use of assert detected. The enclosed code will be removed when compiling to optimised byte code.,410,8,77,[410],https://bandit.readthedocs.io/en/1.7.6/plugins/b101_assert_used.html
./tests/test_address_models.py,assert_used,B101,LOW,HIGH,https://cwe.mitre.org/data/definitions/703.html,Use of assert detected. The enclosed code will be removed when compiling to optimised byte code.,426,4,43,[426],https://bandit.readthedocs.io/en/1.7.6/plugins/b101_assert_used.html
./tests/test_address_models.py,assert_used,B101,LOW,HIGH,https://cwe.mitre.org/data/definitions/703.html,Use of assert detected. The enclosed code will be removed when compiling to optimised byte code.,427,4,41,[427],https://bandit.readthedocs.io/en/1.7.6/plugins/b101_assert_used.html
./tests/test_address_models.py,assert_used,B101,LOW,HIGH,https://cwe.mitre.org/data/definitions/703.html,Use of assert detected. The enclosed code will be removed when compiling to optimised byte code.,428,4,42,[428],https://bandit.readthedocs.io/en/1.7.6/plugins/b101_assert_used.html
./tests/test_address_models.py,assert_used,B101,LOW,HIGH,https://cwe.mitre.org/data/definitions/703.html,Use of assert detected. The enclosed code will be removed when compiling to optimised byte code.,429,4,42,[429],https://bandit.readthedocs.io/en/1.7.6/plugins/b101_assert_used.html
./tests/test_address_models.py,assert_used,B101,LOW,HIGH,https://cwe.mitre.org/data/definitions/703.html,Use of assert detected. The enclosed code will be removed when compiling to optimised byte code.,430,4,43,[430],https://bandit.readthedocs.io/en/1.7.6/plugins/b101_assert_used.html
./tests/test_address_models.py,assert_used,B101,LOW,HIGH,https://cwe.mitre.org/data/definitions/703.html,Use of assert detected. The enclosed code will be removed when compiling to optimised byte code.,446,4,47,[446],https://bandit.readthedocs.io/en/1.7.6/plugins/b101_assert_used.html
./tests/test_address_models.py,assert_used,B101,LOW,HIGH,https://cwe.mitre.org/data/definitions/703.html,Use of assert detected. The enclosed code will be removed when compiling to optimised byte code.,447,4,41,[447],https://bandit.readthedocs.io/en/1.7.6/plugins/b101_assert_used.html
./tests/test_address_models.py,assert_used,B101,LOW,HIGH,https://cwe.mitre.org/data/definitions/703.html,Use of assert detected. The enclosed code will be removed when compiling to optimised byte code.,448,4,42,[448],https://bandit.readthedocs.io/en/1.7.6/plugins/b101_assert_used.html
./tests/test_address_models.py,assert_used,B101,LOW,HIGH,https://cwe.mitre.org/data/definitions/703.html,Use of assert detected. The enclosed code will be removed when compiling to optimised byte code.,449,4,42,[449],https://bandit.readthedocs.io/en/1.7.6/plugins/b101_assert_used.html
./tests/test_address_models.py,assert_used,B101,LOW,HIGH,https://cwe.mitre.org/data/definitions/703.html,Use of assert detected. The enclosed code will be removed when compiling to optimised byte code.,450,4,43,[450],https://bandit.readthedocs.io/en/1.7.6/plugins/b101_assert_used.html
./tests/test_client.py,hardcoded_password_funcarg,B106,LOW,MEDIUM,https://cwe.mitre.org/data/definitions/259.html,Possible hardcoded password: 'n5f9t8',30,13,85,[30],https://bandit.readthedocs.io/en/1.7.6/plugins/b106_hardcoded_password_funcarg.html
./tests/test_client.py,assert_used,B101,LOW,HIGH,https://cwe.mitre.org/data/definitions/703.html,Use of assert detected. The enclosed code will be removed when compiling to optimised byte code.,31,4,118,[31],https://bandit.readthedocs.io/en/1.7.6/plugins/b101_assert_used.html
./tests/test_client.py,assert_used,B101,LOW,HIGH,https://cwe.mitre.org/data/definitions/703.html,Use of assert detected. The enclosed code will be removed when compiling to optimised byte code.,32,4,34,[32],https://bandit.readthedocs.io/en/1.7.6/plugins/b101_assert_used.html
./tests/test_client.py,assert_used,B101,LOW,HIGH,https://cwe.mitre.org/data/definitions/703.html,Use of assert detected. The enclosed code will be removed when compiling to optimised byte code.,33,4,37,[33],https://bandit.readthedocs.io/en/1.7.6/plugins/b101_assert_used.html
./tests/test_client.py,assert_used,B101,LOW,HIGH,https://cwe.mitre.org/data/definitions/703.html,Use of assert detected. The enclosed code will be removed when compiling to optimised byte code.,34,4,38,[34],https://bandit.readthedocs.io/en/1.7.6/plugins/b101_assert_used.html
./tests/test_client.py,hardcoded_password_string,B105,LOW,MEDIUM,https://cwe.mitre.org/data/definitions/259.html,Possible hardcoded password: 'n5f9t8',34,30,38,[34],https://bandit.readthedocs.io/en/1.7.6/plugins/b105_hardcoded_password_string.html
./tests/test_client.py,hardcoded_password_funcarg,B106,LOW,MEDIUM,https://cwe.mitre.org/data/definitions/259.html,Possible hardcoded password: 'n5f9t8',39,13,85,[39],https://bandit.readthedocs.io/en/1.7.6/plugins/b106_hardcoded_password_funcarg.html
./tests/test_client.py,assert_used,B101,LOW,HIGH,https://cwe.mitre.org/data/definitions/703.html,Use of assert detected. The enclosed code will be removed when compiling to optimised byte code.,42,4,29,[42],https://bandit.readthedocs.io/en/1.7.6/plugins/b101_assert_used.html
./tests/test_client.py,assert_used,B101,LOW,HIGH,https://cwe.mitre.org/data/definitions/703.html,Use of assert detected. The enclosed code will be removed when compiling to optimised byte code.,43,4,54,[43],https://bandit.readthedocs.io/en/1.7.6/plugins/b101_assert_used.html
./tests/test_client.py,assert_used,B101,LOW,HIGH,https://cwe.mitre.org/data/definitions/703.html,Use of assert detected. The enclosed code will be removed when compiling to optimised byte code.,44,4,51,[44],https://bandit.readthedocs.io/en/1.7.6/plugins/b101_assert_used.html
./tests/test_client.py,assert_used,B101,LOW,HIGH,https://cwe.mitre.org/data/definitions/703.html,Use of assert detected. The enclosed code will be removed when compiling to optimised byte code.,45,4,34,[45],https://bandit.readthedocs.io/en/1.7.6/plugins/b101_assert_used.html
./tests/test_client.py,assert_used,B101,LOW,HIGH,https://cwe.mitre.org/data/definitions/703.html,Use of assert detected. The enclosed code will be removed when compiling to optimised byte code.,46,4,35,[46],https://bandit.readthedocs.io/en/1.7.6/plugins/b101_assert_used.html
./tests/test_client.py,assert_used,B101,LOW,HIGH,https://cwe.mitre.org/data/definitions/703.html,Use of assert detected. The enclosed code will be removed when compiling to optimised byte code.,49,4,43,[49],https://bandit.readthedocs.io/en/1.7.6/plugins/b101_assert_used.html
./tests/test_client.py,hardcoded_password_funcarg,B106,LOW,MEDIUM,https://cwe.mitre.org/data/definitions/259.html,Possible hardcoded password: 'n5f9t8',54,13,85,[54],https://bandit.readthedocs.io/en/1.7.6/plugins/b106_hardcoded_password_funcarg.html
./tests/test_client.py,assert_used,B101,LOW,HIGH,https://cwe.mitre.org/data/definitions/703.html,Use of assert detected. The enclosed code will be removed when compiling to optimised byte code.,57,4,30,[57],https://bandit.readthedocs.io/en/1.7.6/plugins/b101_assert_used.html
./tests/test_client.py,assert_used,B101,LOW,HIGH,https://cwe.mitre.org/data/definitions/703.html,Use of assert detected. The enclosed code will be removed when compiling to optimised byte code.,58,4,45,[58],https://bandit.readthedocs.io/en/1.7.6/plugins/b101_assert_used.html
./tests/test_client.py,assert_used,B101,LOW,HIGH,https://cwe.mitre.org/data/definitions/703.html,Use of assert detected. The enclosed code will be removed when compiling to optimised byte code.,59,4,36,[59],https://bandit.readthedocs.io/en/1.7.6/plugins/b101_assert_used.html
./tests/test_client.py,assert_used,B101,LOW,HIGH,https://cwe.mitre.org/data/definitions/703.html,Use of assert detected. The enclosed code will be removed when compiling to optimised byte code.,60,4,42,[60],https://bandit.readthedocs.io/en/1.7.6/plugins/b101_assert_used.html
./tests/test_client.py,assert_used,B101,LOW,HIGH,https://cwe.mitre.org/data/definitions/703.html,Use of assert detected. The enclosed code will be removed when compiling to optimised byte code.,61,4,46,[61],https://bandit.readthedocs.io/en/1.7.6/plugins/b101_assert_used.html
./tests/test_client.py,assert_used,B101,LOW,HIGH,https://cwe.mitre.org/data/definitions/703.html,Use of assert detected. The enclosed code will be removed when compiling to optimised byte code.,62,4,56,[62],https://bandit.readthedocs.io/en/1.7.6/plugins/b101_assert_used.html
./tests/test_client.py,assert_used,B101,LOW,HIGH,https://cwe.mitre.org/data/definitions/703.html,Use of assert detected. The enclosed code will be removed when compiling to optimised byte code.,63,4,40,[63],https://bandit.readthedocs.io/en/1.7.6/plugins/b101_assert_used.html
./tests/test_client.py,hardcoded_password_funcarg,B106,LOW,MEDIUM,https://cwe.mitre.org/data/definitions/259.html,Possible hardcoded password: 'n5f9t8',68,13,85,[68],https://bandit.readthedocs.io/en/1.7.6/plugins/b106_hardcoded_password_funcarg.html
./tests/test_client.py,assert_used,B101,LOW,HIGH,https://cwe.mitre.org/data/definitions/703.html,Use of assert detected. The enclosed code will be removed when compiling to optimised byte code.,70,4,17,[70],https://bandit.readthedocs.io/en/1.7.6/plugins/b101_assert_used.html
./tests/test_client.py,hardcoded_password_funcarg,B106,LOW,MEDIUM,https://cwe.mitre.org/data/definitions/259.html,Possible hardcoded password: 'n5f9t8',75,13,85,[75],https://bandit.readthedocs.io/en/1.7.6/plugins/b106_hardcoded_password_funcarg.html
./tests/test_client.py,assert_used,B101,LOW,HIGH,https://cwe.mitre.org/data/definitions/703.html,Use of assert detected. The enclosed code will be removed when compiling to optimised byte code.,77,4,39,[77],https://bandit.readthedocs.io/en/1.7.6/plugins/b101_assert_used.html
./tests/test_client.py,hardcoded_password_funcarg,B106,LOW,MEDIUM,https://cwe.mitre.org/data/definitions/259.html,Possible hardcoded password: 'n5f9t8',82,13,85,[82],https://bandit.readthedocs.io/en/1.7.6/plugins/b106_hardcoded_password_funcarg.html
./tests/test_client.py,assert_used,B101,LOW,HIGH,https://cwe.mitre.org/data/definitions/703.html,Use of assert detected. The enclosed code will be removed when compiling to optimised byte code.,84,4,28,[84],https://bandit.readthedocs.io/en/1.7.6/plugins/b101_assert_used.html
./tests/test_client.py,assert_used,B101,LOW,HIGH,https://cwe.mitre.org/data/definitions/703.html,Use of assert detected. The enclosed code will be removed when compiling to optimised byte code.,85,4,36,[85],https://bandit.readthedocs.io/en/1.7.6/plugins/b101_assert_used.html
./tests/test_client.py,hardcoded_password_funcarg,B106,LOW,MEDIUM,https://cwe.mitre.org/data/definitions/259.html,Possible hardcoded password: 'n5f9t8',90,13,85,[90],https://bandit.readthedocs.io/en/1.7.6/plugins/b106_hardcoded_password_funcarg.html
./tests/test_client.py,assert_used,B101,LOW,HIGH,https://cwe.mitre.org/data/definitions/703.html,Use of assert detected. The enclosed code will be removed when compiling to optimised byte code.,92,4,25,[92],https://bandit.readthedocs.io/en/1.7.6/plugins/b101_assert_used.html
./tests/test_client.py,hardcoded_password_funcarg,B106,LOW,MEDIUM,https://cwe.mitre.org/data/definitions/259.html,Possible hardcoded password: 'n5f9t8',99,13,85,[99],https://bandit.readthedocs.io/en/1.7.6/plugins/b106_hardcoded_password_funcarg.html
./tests/test_client.py,assert_used,B101,LOW,HIGH,https://cwe.mitre.org/data/definitions/703.html,Use of assert detected. The enclosed code will be removed when compiling to optimised byte code.,101,4,42,[101],https://bandit.readthedocs.io/en/1.7.6/plugins/b101_assert_used.html
./tests/test_client.py,assert_used,B101,LOW,HIGH,https://cwe.mitre.org/data/definitions/703.html,Use of assert detected. The enclosed code will be removed when compiling to optimised byte code.,102,4,30,[102],https://bandit.readthedocs.io/en/1.7.6/plugins/b101_assert_used.html
./tests/test_client.py,hardcoded_password_funcarg,B106,LOW,MEDIUM,https://cwe.mitre.org/data/definitions/259.html,Possible hardcoded password: 'n5f9t8',107,13,85,[107],https://bandit.readthedocs.io/en/1.7.6/plugins/b106_hardcoded_password_funcarg.html
./tests/test_client.py,assert_used,B101,LOW,HIGH,https://cwe.mitre.org/data/definitions/703.html,Use of assert detected. The enclosed code will be removed when compiling to optimised byte code.,110,4,27,[110],https://bandit.readthedocs.io/en/1.7.6/plugins/b101_assert_used.html
./tests/test_client.py,assert_used,B101,LOW,HIGH,https://cwe.mitre.org/data/definitions/703.html,Use of assert detected. The enclosed code will be removed when compiling to optimised byte code.,111,4,33,[111],https://bandit.readthedocs.io/en/1.7.6/plugins/b101_assert_used.html
./tests/test_client.py,assert_used,B101,LOW,HIGH,https://cwe.mitre.org/data/definitions/703.html,Use of assert detected. The enclosed code will be removed when compiling to optimised byte code.,113,4,46,[113],https://bandit.readthedocs.io/en/1.7.6/plugins/b101_assert_used.html
./tests/test_client.py,assert_used,B101,LOW,HIGH,https://cwe.mitre.org/data/definitions/703.html,Use of assert detected. The enclosed code will be removed when compiling to optimised byte code.,114,4,63,[114],https://bandit.readthedocs.io/en/1.7.6/plugins/b101_assert_used.html
./tests/test_client.py,assert_used,B101,LOW,HIGH,https://cwe.mitre.org/data/definitions/703.html,Use of assert detected. The enclosed code will be removed when compiling to optimised byte code.,116,4,46,[116],https://bandit.readthedocs.io/en/1.7.6/plugins/b101_assert_used.html
./tests/test_client.py,assert_used,B101,LOW,HIGH,https://cwe.mitre.org/data/definitions/703.html,Use of assert detected. The enclosed code will be removed when compiling to optimised byte code.,117,4,63,[117],https://bandit.readthedocs.io/en/1.7.6/plugins/b101_assert_used.html
./tests/test_client.py,hardcoded_password_funcarg,B106,LOW,MEDIUM,https://cwe.mitre.org/data/definitions/259.html,Possible hardcoded password: 'n5f9t8',122,13,85,[122],https://bandit.readthedocs.io/en/1.7.6/plugins/b106_hardcoded_password_funcarg.html
./tests/test_client.py,assert_used,B101,LOW,HIGH,https://cwe.mitre.org/data/definitions/703.html,Use of assert detected. The enclosed code will be removed when compiling to optimised byte code.,125,4,46,[125],https://bandit.readthedocs.io/en/1.7.6/plugins/b101_assert_used.html
./tests/test_client.py,assert_used,B101,LOW,HIGH,https://cwe.mitre.org/data/definitions/703.html,Use of assert detected. The enclosed code will be removed when compiling to optimised byte code.,126,4,44,[126],https://bandit.readthedocs.io/en/1.7.6/plugins/b101_assert_used.html
./tests/test_client.py,hardcoded_password_funcarg,B106,LOW,MEDIUM,https://cwe.mitre.org/data/definitions/259.html,Possible hardcoded password: 'n5f9t8',131,13,85,[131],https://bandit.readthedocs.io/en/1.7.6/plugins/b106_hardcoded_password_funcarg.html
./tests/test_client.py,assert_used,B101,LOW,HIGH,https://cwe.mitre.org/data/definitions/703.html,Use of assert detected. The enclosed code will be removed when compiling to optimised byte code.,134,4,46,[134],https://bandit.readthedocs.io/en/1.7.6/plugins/b101_assert_used.html
./tests/test_client.py,assert_used,B101,LOW,HIGH,https://cwe.mitre.org/data/definitions/703.html,Use of assert detected. The enclosed code will be removed when compiling to optimised byte code.,135,4,44,[135],https://bandit.readthedocs.io/en/1.7.6/plugins/b101_assert_used.html
./tests/test_client.py,assert_used,B101,LOW,HIGH,https://cwe.mitre.org/data/definitions/703.html,Use of assert detected. The enclosed code will be removed when compiling to optimised byte code.,136,4,41,[136],https://bandit.readthedocs.io/en/1.7.6/plugins/b101_assert_used.html
./tests/test_client.py,hardcoded_password_funcarg,B106,LOW,MEDIUM,https://cwe.mitre.org/data/definitions/259.html,Possible hardcoded password: 'n5f9t8',141,13,85,[141],https://bandit.readthedocs.io/en/1.7.6/plugins/b106_hardcoded_password_funcarg.html
./tests/test_client.py,assert_used,B101,LOW,HIGH,https://cwe.mitre.org/data/definitions/703.html,Use of assert detected. The enclosed code will be removed when compiling to optimised byte code.,144,4,46,[144],https://bandit.readthedocs.io/en/1.7.6/plugins/b101_assert_used.html
./tests/test_client.py,assert_used,B101,LOW,HIGH,https://cwe.mitre.org/data/definitions/703.html,Use of assert detected. The enclosed code will be removed when compiling to optimised byte code.,145,4,44,[145],https://bandit.readthedocs.io/en/1.7.6/plugins/b101_assert_used.html
./tests/test_client.py,hardcoded_password_funcarg,B106,LOW,MEDIUM,https://cwe.mitre.org/data/definitions/259.html,Possible hardcoded password: 'n5f9t8',150,13,85,[150],https://bandit.readthedocs.io/en/1.7.6/plugins/b106_hardcoded_password_funcarg.html
./tests/test_client.py,assert_used,B101,LOW,HIGH,https://cwe.mitre.org/data/definitions/703.html,Use of assert detected. The enclosed code will be removed when compiling to optimised byte code.,153,4,31,[153],https://bandit.readthedocs.io/en/1.7.6/plugins/b101_assert_used.html
./tests/test_client.py,assert_used,B101,LOW,HIGH,https://cwe.mitre.org/data/definitions/703.html,Use of assert detected. The enclosed code will be removed when compiling to optimised byte code.,156,4,51,[156],https://bandit.readthedocs.io/en/1.7.6/plugins/b101_assert_used.html
./tests/test_client.py,assert_used,B101,LOW,HIGH,https://cwe.mitre.org/data/definitions/703.html,Use of assert detected. The enclosed code will be removed when compiling to optimised byte code.,157,4,26,[157],https://bandit.readthedocs.io/en/1.7.6/plugins/b101_assert_used.html
./tests/test_client.py,assert_used,B101,LOW,HIGH,https://cwe.mitre.org/data/definitions/703.html,Use of assert detected. The enclosed code will be removed when compiling to optimised byte code.,158,4,39,[158],https://bandit.readthedocs.io/en/1.7.6/plugins/b101_assert_used.html
./tests/test_client.py,assert_used,B101,LOW,HIGH,https://cwe.mitre.org/data/definitions/703.html,Use of assert detected. The enclosed code will be removed when compiling to optimised byte code.,159,4,35,[159],https://bandit.readthedocs.io/en/1.7.6/plugins/b101_assert_used.html
./tests/test_client.py,hardcoded_password_funcarg,B106,LOW,MEDIUM,https://cwe.mitre.org/data/definitions/259.html,Possible hardcoded password: 'n5f9t8',163,13,85,[163],https://bandit.readthedocs.io/en/1.7.6/plugins/b106_hardcoded_password_funcarg.html
./tests/test_client.py,assert_used,B101,LOW,HIGH,https://cwe.mitre.org/data/definitions/703.html,Use of assert detected. The enclosed code will be removed when compiling to optimised byte code.,171,4,76,[171],https://bandit.readthedocs.io/en/1.7.6/plugins/b101_assert_used.html
./tests/test_client.py,assert_used,B101,LOW,HIGH,https://cwe.mitre.org/data/definitions/703.html,Use of assert detected. The enclosed code will be removed when compiling to optimised byte code.,172,4,82,[172],https://bandit.readthedocs.io/en/1.7.6/plugins/b101_assert_used.html
./tests/test_client.py,assert_used,B101,LOW,HIGH,https://cwe.mitre.org/data/definitions/703.html,Use of assert detected. The enclosed code will be removed when compiling to optimised byte code.,181,4,86,[181],https://bandit.readthedocs.io/en/1.7.6/plugins/b101_assert_used.html
./tests/test_client.py,assert_used,B101,LOW,HIGH,https://cwe.mitre.org/data/definitions/703.html,Use of assert detected. The enclosed code will be removed when compiling to optimised byte code.,182,4,81,[182],https://bandit.readthedocs.io/en/1.7.6/plugins/b101_assert_used.html
./tests/test_client.py,assert_used,B101,LOW,HIGH,https://cwe.mitre.org/data/definitions/703.html,Use of assert detected. The enclosed code will be removed when compiling to optimised byte code.,183,4,65,[183],https://bandit.readthedocs.io/en/1.7.6/plugins/b101_assert_used.html
./tests/test_client.py,assert_used,B101,LOW,HIGH,https://cwe.mitre.org/data/definitions/703.html,Use of assert detected. The enclosed code will be removed when compiling to optimised byte code.,193,4,86,[193],https://bandit.readthedocs.io/en/1.7.6/plugins/b101_assert_used.html
./tests/test_client.py,assert_used,B101,LOW,HIGH,https://cwe.mitre.org/data/definitions/703.html,Use of assert detected. The enclosed code will be removed when compiling to optimised byte code.,204,4,77,[204],https://bandit.readthedocs.io/en/1.7.6/plugins/b101_assert_used.html
./tests/test_client.py,assert_used,B101,LOW,HIGH,https://cwe.mitre.org/data/definitions/703.html,Use of assert detected. The enclosed code will be removed when compiling to optimised byte code.,205,4,61,[205],https://bandit.readthedocs.io/en/1.7.6/plugins/b101_assert_used.html
./tests/test_client.py,assert_used,B101,LOW,HIGH,https://cwe.mitre.org/data/definitions/703.html,Use of assert detected. The enclosed code will be removed when compiling to optimised byte code.,232,4,106,[232],https://bandit.readthedocs.io/en/1.7.6/plugins/b101_assert_used.html
./tests/test_client.py,assert_used,B101,LOW,HIGH,https://cwe.mitre.org/data/definitions/703.html,Use of assert detected. The enclosed code will be removed when compiling to optimised byte code.,233,4,100,[233],https://bandit.readthedocs.io/en/1.7.6/plugins/b101_assert_used.html
./tests/test_pdf_renderer.py,assert_used,B101,LOW,HIGH,https://cwe.mitre.org/data/definitions/703.html,Use of assert detected. The enclosed code will be removed when compiling to optimised byte code.,40,4,45,[40],https://bandit.readthedocs.io/en/1.7.6/plugins/b101_assert_used.html
./tests/test_pdf_renderer.py,assert_used,B101,LOW,HIGH,https://cwe.mitre.org/data/definitions/703.html,Use of assert detected. The enclosed code will be removed when compiling to optimised byte code.,51,4,45,[51],https://bandit.readthedocs.io/en/1.7.6/plugins/b101_assert_used.html
./tests/test_pdf_renderer.py,assert_used,B101,LOW,HIGH,https://cwe.mitre.org/data/definitions/703.html,Use of assert detected. The enclosed code will be removed when compiling to optimised byte code.,62,4,45,[62],https://bandit.readthedocs.io/en/1.7.6/plugins/b101_assert_used.html
./tests/test_posting_models.py,assert_used,B101,LOW,HIGH,https://cwe.mitre.org/data/definitions/703.html,Use of assert detected. The enclosed code will be removed when compiling to optimised byte code.,47,4,43,[47],https://bandit.readthedocs.io/en/1.7.6/plugins/b101_assert_used.html
./tests/test_posting_models.py,assert_used,B101,LOW,HIGH,https://cwe.mitre.org/data/definitions/703.html,Use of assert detected. The enclosed code will be removed when compiling to optimised byte code.,48,4,43,[48],https://bandit.readthedocs.io/en/1.7.6/plugins/b101_assert_used.html
./tests/test_posting_models.py,assert_used,B101,LOW,HIGH,https://cwe.mitre.org/data/definitions/703.html,Use of assert detected. The enclosed code will be removed when compiling to optimised byte code.,49,4,34,[49],https://bandit.readthedocs.io/en/1.7.6/plugins/b101_assert_used.html
./tests/test_posting_models.py,assert_used,B101,LOW,HIGH,https://cwe.mitre.org/data/definitions/703.html,Use of assert detected. The enclosed code will be removed when compiling to optimised byte code.,50,4,40,[50],https://bandit.readthedocs.io/en/1.7.6/plugins/b101_assert_used.html
./tests/test_posting_models.py,assert_used,B101,LOW,HIGH,https://cwe.mitre.org/data/definitions/703.html,Use of assert detected. The enclosed code will be removed when compiling to optimised byte code.,51,4,30,[51],https://bandit.readthedocs.io/en/1.7.6/plugins/b101_assert_used.html
./tests/test_posting_models.py,assert_used,B101,LOW,HIGH,https://cwe.mitre.org/data/definitions/703.html,Use of assert detected. The enclosed code will be removed when compiling to optimised byte code.,52,4,46,[52],https://bandit.readthedocs.io/en/1.7.6/plugins/b101_assert_used.html
./tests/test_posting_models.py,assert_used,B101,LOW,HIGH,https://cwe.mitre.org/data/definitions/703.html,Use of assert detected. The enclosed code will be removed when compiling to optimised byte code.,53,4,43,[53],https://bandit.readthedocs.io/en/1.7.6/plugins/b101_assert_used.html
./tests/test_posting_models.py,assert_used,B101,LOW,HIGH,https://cwe.mitre.org/data/definitions/703.html,Use of assert detected. The enclosed code will be removed when compiling to optimised byte code.,54,4,51,[54],https://bandit.readthedocs.io/en/1.7.6/plugins/b101_assert_used.html
./tests/test_posting_models.py,assert_used,B101,LOW,HIGH,https://cwe.mitre.org/data/definitions/703.html,Use of assert detected. The enclosed code will be removed when compiling to optimised byte code.,55,4,66,[55],https://bandit.readthedocs.io/en/1.7.6/plugins/b101_assert_used.html
./tests/test_posting_models.py,assert_used,B101,LOW,HIGH,https://cwe.mitre.org/data/definitions/703.html,Use of assert detected. The enclosed code will be removed when compiling to optimised byte code.,78,4,34,[78],https://bandit.readthedocs.io/en/1.7.6/plugins/b101_assert_used.html
./tests/test_posting_models.py,assert_used,B101,LOW,HIGH,https://cwe.mitre.org/data/definitions/703.html,Use of assert detected. The enclosed code will be removed when compiling to optimised byte code.,83,4,49,[83],https://bandit.readthedocs.io/en/1.7.6/plugins/b101_assert_used.html
./tests/test_posting_models.py,assert_used,B101,LOW,HIGH,https://cwe.mitre.org/data/definitions/703.html,Use of assert detected. The enclosed code will be removed when compiling to optimised byte code.,86,4,43,[86],https://bandit.readthedocs.io/en/1.7.6/plugins/b101_assert_used.html
./tests/test_posting_models.py,assert_used,B101,LOW,HIGH,https://cwe.mitre.org/data/definitions/703.html,Use of assert detected. The enclosed code will be removed when compiling to optimised byte code.,91,4,35,[91],https://bandit.readthedocs.io/en/1.7.6/plugins/b101_assert_used.html
./tests/test_posting_models.py,assert_used,B101,LOW,HIGH,https://cwe.mitre.org/data/definitions/703.html,Use of assert detected. The enclosed code will be removed when compiling to optimised byte code.,92,4,69,[92],https://bandit.readthedocs.io/en/1.7.6/plugins/b101_assert_used.html
./tests/test_posting_models.py,assert_used,B101,LOW,HIGH,https://cwe.mitre.org/data/definitions/703.html,Use of assert detected. The enclosed code will be removed when compiling to optimised byte code.,125,4,54,[125],https://bandit.readthedocs.io/en/1.7.6/plugins/b101_assert_used.html
./tests/test_posting_models.py,assert_used,B101,LOW,HIGH,https://cwe.mitre.org/data/definitions/703.html,Use of assert detected. The enclosed code will be removed when compiling to optimised byte code.,126,4,50,[126],https://bandit.readthedocs.io/en/1.7.6/plugins/b101_assert_used.html
./tests/test_posting_models.py,assert_used,B101,LOW,HIGH,https://cwe.mitre.org/data/definitions/703.html,Use of assert detected. The enclosed code will be removed when compiling to optimised byte code.,127,4,54,[127],https://bandit.readthedocs.io/en/1.7.6/plugins/b101_assert_used.html
./tests/test_posting_models.py,assert_used,B101,LOW,HIGH,https://cwe.mitre.org/data/definitions/703.html,Use of assert detected. The enclosed code will be removed when compiling to optimised byte code.,129,4,63,[129],https://bandit.readthedocs.io/en/1.7.6/plugins/b101_assert_used.html
./tests/test_posting_models.py,assert_used,B101,LOW,HIGH,https://cwe.mitre.org/data/definitions/703.html,Use of assert detected. The enclosed code will be removed when compiling to optimised byte code.,130,4,55,[130],https://bandit.readthedocs.io/en/1.7.6/plugins/b101_assert_used.html
./tests/test_posting_models.py,assert_used,B101,LOW,HIGH,https://cwe.mitre.org/data/definitions/703.html,Use of assert detected. The enclosed code will be removed when compiling to optimised byte code.,132,4,80,"[132, 133]",https://bandit.readthedocs.io/en/1.7.6/plugins/b101_assert_used.html
./tests/test_posting_models.py,assert_used,B101,LOW,HIGH,https://cwe.mitre.org/data/definitions/703.html,Use of assert detected. The enclosed code will be removed when compiling to optimised byte code.,135,4,56,[135],https://bandit.readthedocs.io/en/1.7.6/plugins/b101_assert_used.html
./tests/test_posting_models.py,assert_used,B101,LOW,HIGH,https://cwe.mitre.org/data/definitions/703.html,Use of assert detected. The enclosed code will be removed when compiling to optimised byte code.,136,4,99,[136],https://bandit.readthedocs.io/en/1.7.6/plugins/b101_assert_used.html
./tests/test_posting_models.py,assert_used,B101,LOW,HIGH,https://cwe.mitre.org/data/definitions/703.html,Use of assert detected. The enclosed code will be removed when compiling to optimised byte code.,138,4,49,[138],https://bandit.readthedocs.io/en/1.7.6/plugins/b101_assert_used.html
./tests/test_posting_models.py,assert_used,B101,LOW,HIGH,https://cwe.mitre.org/data/definitions/703.html,Use of assert detected. The enclosed code will be removed when compiling to optimised byte code.,141,4,85,[141],https://bandit.readthedocs.io/en/1.7.6/plugins/b101_assert_used.html
./tests/test_posting_models.py,assert_used,B101,LOW,HIGH,https://cwe.mitre.org/data/definitions/703.html,Use of assert detected. The enclosed code will be removed when compiling to optimised byte code.,143,4,40,[143],https://bandit.readthedocs.io/en/1.7.6/plugins/b101_assert_used.html
./tests/test_posting_models.py,assert_used,B101,LOW,HIGH,https://cwe.mitre.org/data/definitions/703.html,Use of assert detected. The enclosed code will be removed when compiling to optimised byte code.,144,4,46,[144],https://bandit.readthedocs.io/en/1.7.6/plugins/b101_assert_used.html
./tests/test_posting_models.py,assert_used,B101,LOW,HIGH,https://cwe.mitre.org/data/definitions/703.html,Use of assert detected. The enclosed code will be removed when compiling to optimised byte code.,146,4,49,[146],https://bandit.readthedocs.io/en/1.7.6/plugins/b101_assert_used.html
./tests/test_posting_models.py,assert_used,B101,LOW,HIGH,https://cwe.mitre.org/data/definitions/703.html,Use of assert detected. The enclosed code will be removed when compiling to optimised byte code.,147,4,48,[147],https://bandit.readthedocs.io/en/1.7.6/plugins/b101_assert_used.html
./tests/test_posting_models.py,assert_used,B101,LOW,HIGH,https://cwe.mitre.org/data/definitions/703.html,Use of assert detected. The enclosed code will be removed when compiling to optimised byte code.,149,4,63,[149],https://bandit.readthedocs.io/en/1.7.6/plugins/b101_assert_used.html
./tests/test_posting_models.py,assert_used,B101,LOW,HIGH,https://cwe.mitre.org/data/definitions/703.html,Use of assert detected. The enclosed code will be removed when compiling to optimised byte code.,150,4,100,[150],https://bandit.readthedocs.io/en/1.7.6/plugins/b101_assert_used.html
./tests/test_posting_models.py,assert_used,B101,LOW,HIGH,https://cwe.mitre.org/data/definitions/703.html,Use of assert detected. The enclosed code will be removed when compiling to optimised byte code.,151,4,85,[151],https://bandit.readthedocs.io/en/1.7.6/plugins/b101_assert_used.html
./tests/test_posting_models.py,assert_used,B101,LOW,HIGH,https://cwe.mitre.org/data/definitions/703.html,Use of assert detected. The enclosed code will be removed when compiling to optimised byte code.,153,4,48,[153],https://bandit.readthedocs.io/en/1.7.6/plugins/b101_assert_used.html
./tests/test_posting_models.py,assert_used,B101,LOW,HIGH,https://cwe.mitre.org/data/definitions/703.html,Use of assert detected. The enclosed code will be removed when compiling to optimised byte code.,155,4,49,[155],https://bandit.readthedocs.io/en/1.7.6/plugins/b101_assert_used.html
./tests/test_posting_models.py,assert_used,B101,LOW,HIGH,https://cwe.mitre.org/data/definitions/703.html,Use of assert detected. The enclosed code will be removed when compiling to optimised byte code.,156,4,50,[156],https://bandit.readthedocs.io/en/1.7.6/plugins/b101_assert_used.html
./tests/test_posting_models.py,assert_used,B101,LOW,HIGH,https://cwe.mitre.org/data/definitions/703.html,Use of assert detected. The enclosed code will be removed when compiling to optimised byte code.,158,4,49,[158],https://bandit.readthedocs.io/en/1.7.6/plugins/b101_assert_used.html
./tests/test_posting_models.py,assert_used,B101,LOW,HIGH,https://cwe.mitre.org/data/definitions/703.html,Use of assert detected. The enclosed code will be removed when compiling to optimised byte code.,160,4,87,[160],https://bandit.readthedocs.io/en/1.7.6/plugins/b101_assert_used.html
./tests/test_posting_models.py,assert_used,B101,LOW,HIGH,https://cwe.mitre.org/data/definitions/703.html,Use of assert detected. The enclosed code will be removed when compiling to optimised byte code.,161,4,51,[161],https://bandit.readthedocs.io/en/1.7.6/plugins/b101_assert_used.html
./tests/test_posting_models.py,assert_used,B101,LOW,HIGH,https://cwe.mitre.org/data/definitions/703.html,Use of assert detected. The enclosed code will be removed when compiling to optimised byte code.,163,4,59,[163],https://bandit.readthedocs.io/en/1.7.6/plugins/b101_assert_used.html
./tests/test_posting_models.py,assert_used,B101,LOW,HIGH,https://cwe.mitre.org/data/definitions/703.html,Use of assert detected. The enclosed code will be removed when compiling to optimised byte code.,164,4,63,[164],https://bandit.readthedocs.io/en/1.7.6/plugins/b101_assert_used.html
./tests/test_posting_models.py,assert_used,B101,LOW,HIGH,https://cwe.mitre.org/data/definitions/703.html,Use of assert detected. The enclosed code will be removed when compiling to optimised byte code.,165,4,65,[165],https://bandit.readthedocs.io/en/1.7.6/plugins/b101_assert_used.html
./tests/test_posting_models.py,assert_used,B101,LOW,HIGH,https://cwe.mitre.org/data/definitions/703.html,Use of assert detected. The enclosed code will be removed when compiling to optimised byte code.,167,4,105,[167],https://bandit.readthedocs.io/en/1.7.6/plugins/b101_assert_used.html
./tests/test_posting_models.py,assert_used,B101,LOW,HIGH,https://cwe.mitre.org/data/definitions/703.html,Use of assert detected. The enclosed code will be removed when compiling to optimised byte code.,180,4,63,[180],https://bandit.readthedocs.io/en/1.7.6/plugins/b101_assert_used.html
./tests/test_posting_models.py,assert_used,B101,LOW,HIGH,https://cwe.mitre.org/data/definitions/703.html,Use of assert detected. The enclosed code will be removed when compiling to optimised byte code.,181,4,63,[181],https://bandit.readthedocs.io/en/1.7.6/plugins/b101_assert_used.html
./tests/test_posting_models.py,assert_used,B101,LOW,HIGH,https://cwe.mitre.org/data/definitions/703.html,Use of assert detected. The enclosed code will be removed when compiling to optimised byte code.,182,4,50,[182],https://bandit.readthedocs.io/en/1.7.6/plugins/b101_assert_used.html
./tests/test_posting_models.py,assert_used,B101,LOW,HIGH,https://cwe.mitre.org/data/definitions/703.html,Use of assert detected. The enclosed code will be removed when compiling to optimised byte code.,197,4,78,[197],https://bandit.readthedocs.io/en/1.7.6/plugins/b101_assert_used.html
./tests/test_posting_models.py,assert_used,B101,LOW,HIGH,https://cwe.mitre.org/data/definitions/703.html,Use of assert detected. The enclosed code will be removed when compiling to optimised byte code.,230,4,47,[230],https://bandit.readthedocs.io/en/1.7.6/plugins/b101_assert_used.html
./tests/test_posting_models.py,assert_used,B101,LOW,HIGH,https://cwe.mitre.org/data/definitions/703.html,Use of assert detected. The enclosed code will be removed when compiling to optimised byte code.,245,4,88,[245],https://bandit.readthedocs.io/en/1.7.6/plugins/b101_assert_used.html
./tests/test_posting_models.py,assert_used,B101,LOW,HIGH,https://cwe.mitre.org/data/definitions/703.html,Use of assert detected. The enclosed code will be removed when compiling to optimised byte code.,300,4,42,[300],https://bandit.readthedocs.io/en/1.7.6/plugins/b101_assert_used.html
./tests/test_posting_models.py,assert_used,B101,LOW,HIGH,https://cwe.mitre.org/data/definitions/703.html,Use of assert detected. The enclosed code will be removed when compiling to optimised byte code.,301,4,34,[301],https://bandit.readthedocs.io/en/1.7.6/plugins/b101_assert_used.html
./tests/test_posting_models.py,assert_used,B101,LOW,HIGH,https://cwe.mitre.org/data/definitions/703.html,Use of assert detected. The enclosed code will be removed when compiling to optimised byte code.,303,4,82,[303],https://bandit.readthedocs.io/en/1.7.6/plugins/b101_assert_used.html
./tests/test_posting_models.py,assert_used,B101,LOW,HIGH,https://cwe.mitre.org/data/definitions/703.html,Use of assert detected. The enclosed code will be removed when compiling to optimised byte code.,324,4,30,[324],https://bandit.readthedocs.io/en/1.7.6/plugins/b101_assert_used.html
./tests/test_posting_models.py,assert_used,B101,LOW,HIGH,https://cwe.mitre.org/data/definitions/703.html,Use of assert detected. The enclosed code will be removed when compiling to optimised byte code.,327,4,30,[327],https://bandit.readthedocs.io/en/1.7.6/plugins/b101_assert_used.html
./tests/test_posting_models.py,assert_used,B101,LOW,HIGH,https://cwe.mitre.org/data/definitions/703.html,Use of assert detected. The enclosed code will be removed when compiling to optimised byte code.,332,4,30,[332],https://bandit.readthedocs.io/en/1.7.6/plugins/b101_assert_used.html
./tests/test_posting_models.py,assert_used,B101,LOW,HIGH,https://cwe.mitre.org/data/definitions/703.html,Use of assert detected. The enclosed code will be removed when compiling to optimised byte code.,335,4,30,[335],https://bandit.readthedocs.io/en/1.7.6/plugins/b101_assert_used.html
./tests/test_posting_models.py,assert_used,B101,LOW,HIGH,https://cwe.mitre.org/data/definitions/703.html,Use of assert detected. The enclosed code will be removed when compiling to optimised byte code.,338,4,35,[338],https://bandit.readthedocs.io/en/1.7.6/plugins/b101_assert_used.html
./tests/test_posting_models.py,assert_used,B101,LOW,HIGH,https://cwe.mitre.org/data/definitions/703.html,Use of assert detected. The enclosed code will be removed when compiling to optimised byte code.,344,4,32,[344],https://bandit.readthedocs.io/en/1.7.6/plugins/b101_assert_used.html
./tests/test_posting_models.py,assert_used,B101,LOW,HIGH,https://cwe.mitre.org/data/definitions/703.html,Use of assert detected. The enclosed code will be removed when compiling to optimised byte code.,349,4,58,[349],https://bandit.readthedocs.io/en/1.7.6/plugins/b101_assert_used.html
./tests/test_posting_models.py,assert_used,B101,LOW,HIGH,https://cwe.mitre.org/data/definitions/703.html,Use of assert detected. The enclosed code will be removed when compiling to optimised byte code.,366,4,65,[366],https://bandit.readthedocs.io/en/1.7.6/plugins/b101_assert_used.html
./tests/test_posting_models.py,assert_used,B101,LOW,HIGH,https://cwe.mitre.org/data/definitions/703.html,Use of assert detected. The enclosed code will be removed when compiling to optimised byte code.,367,4,46,[367],https://bandit.readthedocs.io/en/1.7.6/plugins/b101_assert_used.html
./tests/test_posting_models.py,assert_used,B101,LOW,HIGH,https://cwe.mitre.org/data/definitions/703.html,Use of assert detected. The enclosed code will be removed when compiling to optimised byte code.,368,4,44,[368],https://bandit.readthedocs.io/en/1.7.6/plugins/b101_assert_used.html
./tests/test_posting_models.py,assert_used,B101,LOW,HIGH,https://cwe.mitre.org/data/definitions/703.html,Use of assert detected. The enclosed code will be removed when compiling to optimised byte code.,369,4,57,[369],https://bandit.readthedocs.io/en/1.7.6/plugins/b101_assert_used.html
./tests/test_posting_models.py,assert_used,B101,LOW,HIGH,https://cwe.mitre.org/data/definitions/703.html,Use of assert detected. The enclosed code will be removed when compiling to optimised byte code.,370,4,48,[370],https://bandit.readthedocs.io/en/1.7.6/plugins/b101_assert_used.html
./tests/test_posting_models.py,assert_used,B101,LOW,HIGH,https://cwe.mitre.org/data/definitions/703.html,Use of assert detected. The enclosed code will be removed when compiling to optimised byte code.,371,4,45,[371],https://bandit.readthedocs.io/en/1.7.6/plugins/b101_assert_used.html
./tests/test_posting_models.py,assert_used,B101,LOW,HIGH,https://cwe.mitre.org/data/definitions/703.html,Use of assert detected. The enclosed code will be removed when compiling to optimised byte code.,372,4,44,[372],https://bandit.readthedocs.io/en/1.7.6/plugins/b101_assert_used.html
./tests/test_posting_models.py,assert_used,B101,LOW,HIGH,https://cwe.mitre.org/data/definitions/703.html,Use of assert detected. The enclosed code will be removed when compiling to optimised byte code.,373,4,39,[373],https://bandit.readthedocs.io/en/1.7.6/plugins/b101_assert_used.html
./tests/test_posting_models.py,assert_used,B101,LOW,HIGH,https://cwe.mitre.org/data/definitions/703.html,Use of assert detected. The enclosed code will be removed when compiling to optimised byte code.,374,4,43,[374],https://bandit.readthedocs.io/en/1.7.6/plugins/b101_assert_used.html
./tests/test_posting_models.py,assert_used,B101,LOW,HIGH,https://cwe.mitre.org/data/definitions/703.html,Use of assert detected. The enclosed code will be removed when compiling to optimised byte code.,375,4,50,[375],https://bandit.readthedocs.io/en/1.7.6/plugins/b101_assert_used.html
./tests/test_posting_models.py,assert_used,B101,LOW,HIGH,https://cwe.mitre.org/data/definitions/703.html,Use of assert detected. The enclosed code will be removed when compiling to optimised byte code.,376,4,58,[376],https://bandit.readthedocs.io/en/1.7.6/plugins/b101_assert_used.html
./tests/test_posting_models.py,assert_used,B101,LOW,HIGH,https://cwe.mitre.org/data/definitions/703.html,Use of assert detected. The enclosed code will be removed when compiling to optimised byte code.,377,4,50,[377],https://bandit.readthedocs.io/en/1.7.6/plugins/b101_assert_used.html
./tests/test_posting_models.py,assert_used,B101,LOW,HIGH,https://cwe.mitre.org/data/definitions/703.html,Use of assert detected. The enclosed code will be removed when compiling to optimised byte code.,379,4,80,[379],https://bandit.readthedocs.io/en/1.7.6/plugins/b101_assert_used.html
./tests/test_posting_models.py,assert_used,B101,LOW,HIGH,https://cwe.mitre.org/data/definitions/703.html,Use of assert detected. The enclosed code will be removed when compiling to optimised byte code.,380,4,76,[380],https://bandit.readthedocs.io/en/1.7.6/plugins/b101_assert_used.html
./tests/test_posting_models.py,assert_used,B101,LOW,HIGH,https://cwe.mitre.org/data/definitions/703.html,Use of assert detected. The enclosed code will be removed when compiling to optimised byte code.,385,4,93,[385],https://bandit.readthedocs.io/en/1.7.6/plugins/b101_assert_used.html
./tests/test_posting_models.py,assert_used,B101,LOW,HIGH,https://cwe.mitre.org/data/definitions/703.html,Use of assert detected. The enclosed code will be removed when compiling to optimised byte code.,391,4,65,[391],https://bandit.readthedocs.io/en/1.7.6/plugins/b101_assert_used.html
./tests/test_posting_models.py,assert_used,B101,LOW,HIGH,https://cwe.mitre.org/data/definitions/703.html,Use of assert detected. The enclosed code will be removed when compiling to optimised byte code.,392,4,48,[392],https://bandit.readthedocs.io/en/1.7.6/plugins/b101_assert_used.html
./tests/test_posting_models.py,assert_used,B101,LOW,HIGH,https://cwe.mitre.org/data/definitions/703.html,Use of assert detected. The enclosed code will be removed when compiling to optimised byte code.,393,4,44,[393],https://bandit.readthedocs.io/en/1.7.6/plugins/b101_assert_used.html
./tests/test_posting_models.py,assert_used,B101,LOW,HIGH,https://cwe.mitre.org/data/definitions/703.html,Use of assert detected. The enclosed code will be removed when compiling to optimised byte code.,394,4,48,[394],https://bandit.readthedocs.io/en/1.7.6/plugins/b101_assert_used.html
./tests/test_posting_models.py,assert_used,B101,LOW,HIGH,https://cwe.mitre.org/data/definitions/703.html,Use of assert detected. The enclosed code will be removed when compiling to optimised byte code.,424,4,43,[424],https://bandit.readthedocs.io/en/1.7.6/plugins/b101_assert_used.html
./tests/test_posting_models.py,assert_used,B101,LOW,HIGH,https://cwe.mitre.org/data/definitions/703.html,Use of assert detected. The enclosed code will be removed when compiling to optimised byte code.,425,4,47,[425],https://bandit.readthedocs.io/en/1.7.6/plugins/b101_assert_used.html
./tests/test_posting_models.py,assert_used,B101,LOW,HIGH,https://cwe.mitre.org/data/definitions/703.html,Use of assert detected. The enclosed code will be removed when compiling to optimised byte code.,426,4,79,[426],https://bandit.readthedocs.io/en/1.7.6/plugins/b101_assert_used.html
./tests/test_posting_models.py,assert_used,B101,LOW,HIGH,https://cwe.mitre.org/data/definitions/703.html,Use of assert detected. The enclosed code will be removed when compiling to optimised byte code.,428,4,77,[428],https://bandit.readthedocs.io/en/1.7.6/plugins/b101_assert_used.html
./tests/test_posting_models.py,assert_used,B101,LOW,HIGH,https://cwe.mitre.org/data/definitions/703.html,Use of assert detected. The enclosed code will be removed when compiling to optimised byte code.,429,4,95,[429],https://bandit.readthedocs.io/en/1.7.6/plugins/b101_assert_used.html
./tests/test_user_models.py,assert_used,B101,LOW,HIGH,https://cwe.mitre.org/data/definitions/703.html,Use of assert detected. The enclosed code will be removed when compiling to optimised byte code.,33,4,56,[33],https://bandit.readthedocs.io/en/1.7.6/plugins/b101_assert_used.html
./tests/test_user_models.py,assert_used,B101,LOW,HIGH,https://cwe.mitre.org/data/definitions/703.html,Use of assert detected. The enclosed code will be removed when compiling to optimised byte code.,38,4,56,[38],https://bandit.readthedocs.io/en/1.7.6/plugins/b101_assert_used.html
./tests/test_user_models.py,assert_used,B101,LOW,HIGH,https://cwe.mitre.org/data/definitions/703.html,Use of assert detected. The enclosed code will be removed when compiling to optimised byte code.,43,4,53,[43],https://bandit.readthedocs.io/en/1.7.6/plugins/b101_assert_used.html
./tests/test_user_models.py,assert_used,B101,LOW,HIGH,https://cwe.mitre.org/data/definitions/703.html,Use of assert detected. The enclosed code will be removed when compiling to optimised byte code.,44,4,49,[44],https://bandit.readthedocs.io/en/1.7.6/plugins/b101_assert_used.html
./tests/test_user_models.py,assert_used,B101,LOW,HIGH,https://cwe.mitre.org/data/definitions/703.html,Use of assert detected. The enclosed code will be removed when compiling to optimised byte code.,59,4,74,[59],https://bandit.readthedocs.io/en/1.7.6/plugins/b101_assert_used.html
./tests/test_user_models.py,assert_used,B101,LOW,HIGH,https://cwe.mitre.org/data/definitions/703.html,Use of assert detected. The enclosed code will be removed when compiling to optimised byte code.,63,4,102,[63],https://bandit.readthedocs.io/en/1.7.6/plugins/b101_assert_used.html
./tests/test_user_models.py,assert_used,B101,LOW,HIGH,https://cwe.mitre.org/data/definitions/703.html,Use of assert detected. The enclosed code will be removed when compiling to optimised byte code.,67,4,79,[67],https://bandit.readthedocs.io/en/1.7.6/plugins/b101_assert_used.html
./tests/test_user_models.py,assert_used,B101,LOW,HIGH,https://cwe.mitre.org/data/definitions/703.html,Use of assert detected. The enclosed code will be removed when compiling to optimised byte code.,72,4,52,[72],https://bandit.readthedocs.io/en/1.7.6/plugins/b101_assert_used.html
./tests/test_user_models.py,assert_used,B101,LOW,HIGH,https://cwe.mitre.org/data/definitions/703.html,Use of assert detected. The enclosed code will be removed when compiling to optimised byte code.,77,4,52,[77],https://bandit.readthedocs.io/en/1.7.6/plugins/b101_assert_used.html
./tests/test_user_models.py,assert_used,B101,LOW,HIGH,https://cwe.mitre.org/data/definitions/703.html,Use of assert detected. The enclosed code will be removed when compiling to optimised byte code.,81,4,64,[81],https://bandit.readthedocs.io/en/1.7.6/plugins/b101_assert_used.html
./tests/test_user_models.py,assert_used,B101,LOW,HIGH,https://cwe.mitre.org/data/definitions/703.html,Use of assert detected. The enclosed code will be removed when compiling to optimised byte code.,85,4,69,[85],https://bandit.readthedocs.io/en/1.7.6/plugins/b101_assert_used.html
./tests/test_user_models.py,assert_used,B101,LOW,HIGH,https://cwe.mitre.org/data/definitions/703.html,Use of assert detected. The enclosed code will be removed when compiling to optimised byte code.,89,4,93,[89],https://bandit.readthedocs.io/en/1.7.6/plugins/b101_assert_used.html
./tests/test_user_models.py,assert_used,B101,LOW,HIGH,https://cwe.mitre.org/data/definitions/703.html,Use of assert detected. The enclosed code will be removed when compiling to optimised byte code.,98,4,29,[98],https://bandit.readthedocs.io/en/1.7.6/plugins/b101_assert_used.html
./tests/test_user_models.py,assert_used,B101,LOW,HIGH,https://cwe.mitre.org/data/definitions/703.html,Use of assert detected. The enclosed code will be removed when compiling to optimised byte code.,99,4,54,[99],https://bandit.readthedocs.io/en/1.7.6/plugins/b101_assert_used.html
./tests/test_user_models.py,assert_used,B101,LOW,HIGH,https://cwe.mitre.org/data/definitions/703.html,Use of assert detected. The enclosed code will be removed when compiling to optimised byte code.,100,4,34,[100],https://bandit.readthedocs.io/en/1.7.6/plugins/b101_assert_used.html
./tests/test_user_models.py,assert_used,B101,LOW,HIGH,https://cwe.mitre.org/data/definitions/703.html,Use of assert detected. The enclosed code will be removed when compiling to optimised byte code.,101,4,31,[101],https://bandit.readthedocs.io/en/1.7.6/plugins/b101_assert_used.html
./tests/test_user_models.py,assert_used,B101,LOW,HIGH,https://cwe.mitre.org/data/definitions/703.html,Use of assert detected. The enclosed code will be removed when compiling to optimised byte code.,110,4,57,[110],https://bandit.readthedocs.io/en/1.7.6/plugins/b101_assert_used.html
./tests/test_user_models.py,assert_used,B101,LOW,HIGH,https://cwe.mitre.org/data/definitions/703.html,Use of assert detected. The enclosed code will be removed when compiling to optimised byte code.,111,4,34,[111],https://bandit.readthedocs.io/en/1.7.6/plugins/b101_assert_used.html
./tests/test_user_models.py,assert_used,B101,LOW,HIGH,https://cwe.mitre.org/data/definitions/703.html,Use of assert detected. The enclosed code will be removed when compiling to optimised byte code.,131,4,40,[131],https://bandit.readthedocs.io/en/1.7.6/plugins/b101_assert_used.html
./tests/test_user_models.py,assert_used,B101,LOW,HIGH,https://cwe.mitre.org/data/definitions/703.html,Use of assert detected. The enclosed code will be removed when compiling to optimised byte code.,132,4,51,[132],https://bandit.readthedocs.io/en/1.7.6/plugins/b101_assert_used.html
./tests/test_user_models.py,assert_used,B101,LOW,HIGH,https://cwe.mitre.org/data/definitions/703.html,Use of assert detected. The enclosed code will be removed when compiling to optimised byte code.,133,4,39,[133],https://bandit.readthedocs.io/en/1.7.6/plugins/b101_assert_used.html
./tests/test_user_models.py,assert_used,B101,LOW,HIGH,https://cwe.mitre.org/data/definitions/703.html,Use of assert detected. The enclosed code will be removed when compiling to optimised byte code.,134,4,40,[134],https://bandit.readthedocs.io/en/1.7.6/plugins/b101_assert_used.html
./tests/test_user_models.py,assert_used,B101,LOW,HIGH,https://cwe.mitre.org/data/definitions/703.html,Use of assert detected. The enclosed code will be removed when compiling to optimised byte code.,135,4,59,[135],https://bandit.readthedocs.io/en/1.7.6/plugins/b101_assert_used.html
./tests/test_user_models.py,assert_used,B101,LOW,HIGH,https://cwe.mitre.org/data/definitions/703.html,Use of assert detected. The enclosed code will be removed when compiling to optimised byte code.,149,4,40,[149],https://bandit.readthedocs.io/en/1.7.6/plugins/b101_assert_used.html
./tests/test_user_models.py,assert_used,B101,LOW,HIGH,https://cwe.mitre.org/data/definitions/703.html,Use of assert detected. The enclosed code will be removed when compiling to optimised byte code.,150,4,51,[150],https://bandit.readthedocs.io/en/1.7.6/plugins/b101_assert_used.html
./tests/test_user_models.py,assert_used,B101,LOW,HIGH,https://cwe.mitre.org/data/definitions/703.html,Use of assert detected. The enclosed code will be removed when compiling to optimised byte code.,151,4,43,[151],https://bandit.readthedocs.io/en/1.7.6/plugins/b101_assert_used.html
./tests/test_user_models.py,assert_used,B101,LOW,HIGH,https://cwe.mitre.org/data/definitions/703.html,Use of assert detected. The enclosed code will be removed when compiling to optimised byte code.,152,4,38,[152],https://bandit.readthedocs.io/en/1.7.6/plugins/b101_assert_used.html
./tests/test_user_models.py,assert_used,B101,LOW,HIGH,https://cwe.mitre.org/data/definitions/703.html,Use of assert detected. The enclosed code will be removed when compiling to optimised byte code.,153,4,98,[153],https://bandit.readthedocs.io/en/1.7.6/plugins/b101_assert_used.html
./tests/test_user_models.py,assert_used,B101,LOW,HIGH,https://cwe.mitre.org/data/definitions/703.html,Use of assert detected. The enclosed code will be removed when compiling to optimised byte code.,154,4,97,[154],https://bandit.readthedocs.io/en/1.7.6/plugins/b101_assert_used.html
./tests/test_user_models.py,assert_used,B101,LOW,HIGH,https://cwe.mitre.org/data/definitions/703.html,Use of assert detected. The enclosed code will be removed when compiling to optimised byte code.,164,4,46,[164],https://bandit.readthedocs.io/en/1.7.6/plugins/b101_assert_used.html
./tests/test_user_models.py,assert_used,B101,LOW,HIGH,https://cwe.mitre.org/data/definitions/703.html,Use of assert detected. The enclosed code will be removed when compiling to optimised byte code.,165,4,57,[165],https://bandit.readthedocs.io/en/1.7.6/plugins/b101_assert_used.html
./tests/test_user_models.py,assert_used,B101,LOW,HIGH,https://cwe.mitre.org/data/definitions/703.html,Use of assert detected. The enclosed code will be removed when compiling to optimised byte code.,166,4,59,[166],https://bandit.readthedocs.io/en/1.7.6/plugins/b101_assert_used.html
./tests/test_user_models.py,assert_used,B101,LOW,HIGH,https://cwe.mitre.org/data/definitions/703.html,Use of assert detected. The enclosed code will be removed when compiling to optimised byte code.,167,4,44,[167],https://bandit.readthedocs.io/en/1.7.6/plugins/b101_assert_used.html
./tests/test_user_models.py,assert_used,B101,LOW,HIGH,https://cwe.mitre.org/data/definitions/703.html,Use of assert detected. The enclosed code will be removed when compiling to optimised byte code.,168,4,89,[168],https://bandit.readthedocs.io/en/1.7.6/plugins/b101_assert_used.html
./tests/test_user_models.py,assert_used,B101,LOW,HIGH,https://cwe.mitre.org/data/definitions/703.html,Use of assert detected. The enclosed code will be removed when compiling to optimised byte code.,183,4,46,[183],https://bandit.readthedocs.io/en/1.7.6/plugins/b101_assert_used.html
./tests/test_user_models.py,assert_used,B101,LOW,HIGH,https://cwe.mitre.org/data/definitions/703.html,Use of assert detected. The enclosed code will be removed when compiling to optimised byte code.,184,4,57,[184],https://bandit.readthedocs.io/en/1.7.6/plugins/b101_assert_used.html
./tests/test_user_models.py,assert_used,B101,LOW,HIGH,https://cwe.mitre.org/data/definitions/703.html,Use of assert detected. The enclosed code will be removed when compiling to optimised byte code.,185,4,102,[185],https://bandit.readthedocs.io/en/1.7.6/plugins/b101_assert_used.html
./tests/test_user_models.py,assert_used,B101,LOW,HIGH,https://cwe.mitre.org/data/definitions/703.html,Use of assert detected. The enclosed code will be removed when compiling to optimised byte code.,186,4,101,[186],https://bandit.readthedocs.io/en/1.7.6/plugins/b101_assert_used.html
./tests/test_user_models.py,assert_used,B101,LOW,HIGH,https://cwe.mitre.org/data/definitions/703.html,Use of assert detected. The enclosed code will be removed when compiling to optimised byte code.,187,4,35,[187],https://bandit.readthedocs.io/en/1.7.6/plugins/b101_assert_used.html
./tests/test_user_models.py,assert_used,B101,LOW,HIGH,https://cwe.mitre.org/data/definitions/703.html,Use of assert detected. The enclosed code will be removed when compiling to optimised byte code.,188,4,42,[188],https://bandit.readthedocs.io/en/1.7.6/plugins/b101_assert_used.html
./tests/test_user_models.py,assert_used,B101,LOW,HIGH,https://cwe.mitre.org/data/definitions/703.html,Use of assert detected. The enclosed code will be removed when compiling to optimised byte code.,189,4,33,[189],https://bandit.readthedocs.io/en/1.7.6/plugins/b101_assert_used.html
./tests/test_user_models.py,assert_used,B101,LOW,HIGH,https://cwe.mitre.org/data/definitions/703.html,Use of assert detected. The enclosed code will be removed when compiling to optimised byte code.,202,4,31,[202],https://bandit.readthedocs.io/en/1.7.6/plugins/b101_assert_used.html
./tests/test_user_models.py,assert_used,B101,LOW,HIGH,https://cwe.mitre.org/data/definitions/703.html,Use of assert detected. The enclosed code will be removed when compiling to optimised byte code.,203,4,32,[203],https://bandit.readthedocs.io/en/1.7.6/plugins/b101_assert_used.html
./tests/test_user_models.py,assert_used,B101,LOW,HIGH,https://cwe.mitre.org/data/definitions/703.html,Use of assert detected. The enclosed code will be removed when compiling to optimised byte code.,204,4,45,[204],https://bandit.readthedocs.io/en/1.7.6/plugins/b101_assert_used.html
./tests/test_user_models.py,assert_used,B101,LOW,HIGH,https://cwe.mitre.org/data/definitions/703.html,Use of assert detected. The enclosed code will be removed when compiling to optimised byte code.,205,4,44,[205],https://bandit.readthedocs.io/en/1.7.6/plugins/b101_assert_used.html
./tests/test_user_models.py,assert_used,B101,LOW,HIGH,https://cwe.mitre.org/data/definitions/703.html,Use of assert detected. The enclosed code will be removed when compiling to optimised byte code.,206,4,54,[206],https://bandit.readthedocs.io/en/1.7.6/plugins/b101_assert_used.html
./tests/test_user_models.py,assert_used,B101,LOW,HIGH,https://cwe.mitre.org/data/definitions/703.html,Use of assert detected. The enclosed code will be removed when compiling to optimised byte code.,207,4,80,[207],https://bandit.readthedocs.io/en/1.7.6/plugins/b101_assert_used.html
./tests/test_user_models.py,assert_used,B101,LOW,HIGH,https://cwe.mitre.org/data/definitions/703.html,Use of assert detected. The enclosed code will be removed when compiling to optimised byte code.,208,4,85,[208],https://bandit.readthedocs.io/en/1.7.6/plugins/b101_assert_used.html
./tests/test_user_models.py,assert_used,B101,LOW,HIGH,https://cwe.mitre.org/data/definitions/703.html,Use of assert detected. The enclosed code will be removed when compiling to optimised byte code.,209,4,50,[209],https://bandit.readthedocs.io/en/1.7.6/plugins/b101_assert_used.html
./tests/test_user_models.py,assert_used,B101,LOW,HIGH,https://cwe.mitre.org/data/definitions/703.html,Use of assert detected. The enclosed code will be removed when compiling to optimised byte code.,210,4,38,[210],https://bandit.readthedocs.io/en/1.7.6/plugins/b101_assert_used.html
./tests/test_user_models.py,assert_used,B101,LOW,HIGH,https://cwe.mitre.org/data/definitions/703.html,Use of assert detected. The enclosed code will be removed when compiling to optimised byte code.,221,4,31,[221],https://bandit.readthedocs.io/en/1.7.6/plugins/b101_assert_used.html
./tests/test_user_models.py,assert_used,B101,LOW,HIGH,https://cwe.mitre.org/data/definitions/703.html,Use of assert detected. The enclosed code will be removed when compiling to optimised byte code.,222,4,32,[222],https://bandit.readthedocs.io/en/1.7.6/plugins/b101_assert_used.html
./tests/test_user_models.py,assert_used,B101,LOW,HIGH,https://cwe.mitre.org/data/definitions/703.html,Use of assert detected. The enclosed code will be removed when compiling to optimised byte code.,223,4,44,[223],https://bandit.readthedocs.io/en/1.7.6/plugins/b101_assert_used.html
./tests/test_user_models.py,assert_used,B101,LOW,HIGH,https://cwe.mitre.org/data/definitions/703.html,Use of assert detected. The enclosed code will be removed when compiling to optimised byte code.,224,4,54,[224],https://bandit.readthedocs.io/en/1.7.6/plugins/b101_assert_used.html
./tests/test_user_models.py,assert_used,B101,LOW,HIGH,https://cwe.mitre.org/data/definitions/703.html,Use of assert detected. The enclosed code will be removed when compiling to optimised byte code.,229,4,31,[229],https://bandit.readthedocs.io/en/1.7.6/plugins/b101_assert_used.html
./tests/test_user_models.py,assert_used,B101,LOW,HIGH,https://cwe.mitre.org/data/definitions/703.html,Use of assert detected. The enclosed code will be removed when compiling to optimised byte code.,230,4,32,[230],https://bandit.readthedocs.io/en/1.7.6/plugins/b101_assert_used.html
./tests/test_user_models.py,assert_used,B101,LOW,HIGH,https://cwe.mitre.org/data/definitions/703.html,Use of assert detected. The enclosed code will be removed when compiling to optimised byte code.,231,4,44,[231],https://bandit.readthedocs.io/en/1.7.6/plugins/b101_assert_used.html
./tests/test_user_models.py,assert_used,B101,LOW,HIGH,https://cwe.mitre.org/data/definitions/703.html,Use of assert detected. The enclosed code will be removed when compiling to optimised byte code.,232,4,54,[232],https://bandit.readthedocs.io/en/1.7.6/plugins/b101_assert_used.html
./tests/test_user_models.py,assert_used,B101,LOW,HIGH,https://cwe.mitre.org/data/definitions/703.html,Use of assert detected. The enclosed code will be removed when compiling to optimised byte code.,233,4,42,[233],https://bandit.readthedocs.io/en/1.7.6/plugins/b101_assert_used.html
./tests/test_user_models.py,assert_used,B101,LOW,HIGH,https://cwe.mitre.org/data/definitions/703.html,Use of assert detected. The enclosed code will be removed when compiling to optimised byte code.,256,4,36,[256],https://bandit.readthedocs.io/en/1.7.6/plugins/b101_assert_used.html
./tests/test_user_models.py,assert_used,B101,LOW,HIGH,https://cwe.mitre.org/data/definitions/703.html,Use of assert detected. The enclosed code will be removed when compiling to optimised byte code.,257,4,37,[257],https://bandit.readthedocs.io/en/1.7.6/plugins/b101_assert_used.html
./tests/test_user_models.py,assert_used,B101,LOW,HIGH,https://cwe.mitre.org/data/definitions/703.html,Use of assert detected. The enclosed code will be removed when compiling to optimised byte code.,258,4,55,[258],https://bandit.readthedocs.io/en/1.7.6/plugins/b101_assert_used.html
./tests/test_user_models.py,assert_used,B101,LOW,HIGH,https://cwe.mitre.org/data/definitions/703.html,Use of assert detected. The enclosed code will be removed when compiling to optimised byte code.,259,4,70,[259],https://bandit.readthedocs.io/en/1.7.6/plugins/b101_assert_used.html
./tests/test_user_models.py,assert_used,B101,LOW,HIGH,https://cwe.mitre.org/data/definitions/703.html,Use of assert detected. The enclosed code will be removed when compiling to optimised byte code.,264,4,37,[264],https://bandit.readthedocs.io/en/1.7.6/plugins/b101_assert_used.html
./tests/test_user_models.py,assert_used,B101,LOW,HIGH,https://cwe.mitre.org/data/definitions/703.html,Use of assert detected. The enclosed code will be removed when compiling to optimised byte code.,291,4,62,[291],https://bandit.readthedocs.io/en/1.7.6/plugins/b101_assert_used.html
./tests/test_user_models.py,assert_used,B101,LOW,HIGH,https://cwe.mitre.org/data/definitions/703.html,Use of assert detected. The enclosed code will be removed when compiling to optimised byte code.,296,4,41,[296],https://bandit.readthedocs.io/en/1.7.6/plugins/b101_assert_used.html
./tests/test_user_models.py,assert_used,B101,LOW,HIGH,https://cwe.mitre.org/data/definitions/703.html,Use of assert detected. The enclosed code will be removed when compiling to optimised byte code.,297,4,42,[297],https://bandit.readthedocs.io/en/1.7.6/plugins/b101_assert_used.html
./tests/test_user_models.py,assert_used,B101,LOW,HIGH,https://cwe.mitre.org/data/definitions/703.html,Use of assert detected. The enclosed code will be removed when compiling to optimised byte code.,298,4,67,[298],https://bandit.readthedocs.io/en/1.7.6/plugins/b101_assert_used.html
./tests/test_user_models.py,assert_used,B101,LOW,HIGH,https://cwe.mitre.org/data/definitions/703.html,Use of assert detected. The enclosed code will be removed when compiling to optimised byte code.,299,4,80,[299],https://bandit.readthedocs.io/en/1.7.6/plugins/b101_assert_used.html
./tests/test_user_models.py,assert_used,B101,LOW,HIGH,https://cwe.mitre.org/data/definitions/703.html,Use of assert detected. The enclosed code will be removed when compiling to optimised byte code.,304,4,42,[304],https://bandit.readthedocs.io/en/1.7.6/plugins/b101_assert_used.html
./tests/test_user_models.py,assert_used,B101,LOW,HIGH,https://cwe.mitre.org/data/definitions/703.html,Use of assert detected. The enclosed code will be removed when compiling to optimised byte code.,324,4,41,[324],https://bandit.readthedocs.io/en/1.7.6/plugins/b101_assert_used.html
./tests/test_user_models.py,assert_used,B101,LOW,HIGH,https://cwe.mitre.org/data/definitions/703.html,Use of assert detected. The enclosed code will be removed when compiling to optimised byte code.,325,4,42,[325],https://bandit.readthedocs.io/en/1.7.6/plugins/b101_assert_used.html
./tests/test_user_models.py,assert_used,B101,LOW,HIGH,https://cwe.mitre.org/data/definitions/703.html,Use of assert detected. The enclosed code will be removed when compiling to optimised byte code.,326,4,67,[326],https://bandit.readthedocs.io/en/1.7.6/plugins/b101_assert_used.html
./tests/test_user_models.py,assert_used,B101,LOW,HIGH,https://cwe.mitre.org/data/definitions/703.html,Use of assert detected. The enclosed code will be removed when compiling to optimised byte code.,327,4,74,[327],https://bandit.readthedocs.io/en/1.7.6/plugins/b101_assert_used.html
./tests/test_utils.py,assert_used,B101,LOW,HIGH,https://cwe.mitre.org/data/definitions/703.html,Use of assert detected. The enclosed code will be removed when compiling to optimised byte code.,15,4,48,[15],https://bandit.readthedocs.io/en/1.7.6/plugins/b101_assert_used.html
./tests/test_utils.py,assert_used,B101,LOW,HIGH,https://cwe.mitre.org/data/definitions/703.html,Use of assert detected. The enclosed code will be removed when compiling to optimised byte code.,16,4,46,[16],https://bandit.readthedocs.io/en/1.7.6/plugins/b101_assert_used.html
./tests/test_utils.py,assert_used,B101,LOW,HIGH,https://cwe.mitre.org/data/definitions/703.html,Use of assert detected. The enclosed code will be removed when compiling to optimised byte code.,17,4,71,[17],https://bandit.readthedocs.io/en/1.7.6/plugins/b101_assert_used.html
./tests/test_utils.py,assert_used,B101,LOW,HIGH,https://cwe.mitre.org/data/definitions/703.html,Use of assert detected. The enclosed code will be removed when compiling to optimised byte code.,18,4,86,[18],https://bandit.readthedocs.io/en/1.7.6/plugins/b101_assert_used.html
./tests/test_utils.py,assert_used,B101,LOW,HIGH,https://cwe.mitre.org/data/definitions/703.html,Use of assert detected. The enclosed code will be removed when compiling to optimised byte code.,30,4,40,[30],https://bandit.readthedocs.io/en/1.7.6/plugins/b101_assert_used.html
./tests/test_utils.py,assert_used,B101,LOW,HIGH,https://cwe.mitre.org/data/definitions/703.html,Use of assert detected. The enclosed code will be removed when compiling to optimised byte code.,31,4,45,[31],https://bandit.readthedocs.io/en/1.7.6/plugins/b101_assert_used.html
./tests/test_utils.py,assert_used,B101,LOW,HIGH,https://cwe.mitre.org/data/definitions/703.html,Use of assert detected. The enclosed code will be removed when compiling to optimised byte code.,36,4,30,[36],https://bandit.readthedocs.io/en/1.7.6/plugins/b101_assert_used.html
./tests/test_utils.py,assert_used,B101,LOW,HIGH,https://cwe.mitre.org/data/definitions/703.html,Use of assert detected. The enclosed code will be removed when compiling to optimised byte code.,41,4,34,[41],https://bandit.readthedocs.io/en/1.7.6/plugins/b101_assert_used.html
./tests/test_utils.py,assert_used,B101,LOW,HIGH,https://cwe.mitre.org/data/definitions/703.html,Use of assert detected. The enclosed code will be removed when compiling to optimised byte code.,45,4,47,[45],https://bandit.readthedocs.io/en/1.7.6/plugins/b101_assert_used.html
./tests/test_utils.py,assert_used,B101,LOW,HIGH,https://cwe.mitre.org/data/definitions/703.html,Use of assert detected. The enclosed code will be removed when compiling to optimised byte code.,50,4,57,[50],https://bandit.readthedocs.io/en/1.7.6/plugins/b101_assert_used.html
./tests/test_utils.py,assert_used,B101,LOW,HIGH,https://cwe.mitre.org/data/definitions/703.html,Use of assert detected. The enclosed code will be removed when compiling to optimised byte code.,55,4,61,[55],https://bandit.readthedocs.io/en/1.7.6/plugins/b101_assert_used.html
./tests/test_utils.py,assert_used,B101,LOW,HIGH,https://cwe.mitre.org/data/definitions/703.html,Use of assert detected. The enclosed code will be removed when compiling to optimised byte code.,56,4,61,[56],https://bandit.readthedocs.io/en/1.7.6/plugins/b101_assert_used.html
./tests/test_utils.py,assert_used,B101,LOW,HIGH,https://cwe.mitre.org/data/definitions/703.html,Use of assert detected. The enclosed code will be removed when compiling to optimised byte code.,57,4,61,[57],https://bandit.readthedocs.io/en/1.7.6/plugins/b101_assert_used.html
./tests/test_utils.py,assert_used,B101,LOW,HIGH,https://cwe.mitre.org/data/definitions/703.html,Use of assert detected. The enclosed code will be removed when compiling to optimised byte code.,58,4,58,[58],https://bandit.readthedocs.io/en/1.7.6/plugins/b101_assert_used.html
./tests/test_xml_utils.py,assert_used,B101,LOW,HIGH,https://cwe.mitre.org/data/definitions/703.html,Use of assert detected. The enclosed code will be removed when compiling to optimised byte code.,7,4,76,[7],https://bandit.readthedocs.io/en/1.7.6/plugins/b101_assert_used.html
