./distribute_setup.py,blacklist,B404,LOW,HIGH,https://cwe.mitre.org/data/definitions/78.html,Consider possible security implications associated with the subprocess module.,30,4,21,[30],https://bandit.readthedocs.io/en/1.7.6/blacklists/blacklist_imports.html#b404-import-subprocess
./distribute_setup.py,subprocess_without_shell_equals_true,B603,LOW,HIGH,https://cwe.mitre.org/data/definitions/78.html,subprocess call - check for execution of untrusted input.,34,15,36,[34],https://bandit.readthedocs.io/en/1.7.6/plugins/b603_subprocess_without_shell_equals_true.html
./distribute_setup.py,start_process_with_no_shell,B606,LOW,MEDIUM,https://cwe.mitre.org/data/definitions/78.html,Starting a process without a shell.,47,15,58,[47],https://bandit.readthedocs.io/en/1.7.6/plugins/b606_start_process_with_no_shell.html
./distribute_setup.py,tarfile_unsafe_members,B202,HIGH,HIGH,https://cwe.mitre.org/data/definitions/22.html,tarfile.extractall used without any validation. Please check and discard dangerous members.,74,8,24,[74],https://bandit.readthedocs.io/en/1.7.6/plugins/b202_tarfile_unsafe_members.html
./distribute_setup.py,tarfile_unsafe_members,B202,HIGH,HIGH,https://cwe.mitre.org/data/definitions/22.html,tarfile.extractall used without any validation. Please check and discard dangerous members.,99,8,24,[99],https://bandit.readthedocs.io/en/1.7.6/plugins/b202_tarfile_unsafe_members.html
./distribute_setup.py,subprocess_without_shell_equals_true,B603,LOW,HIGH,https://cwe.mitre.org/data/definitions/78.html,subprocess call - check for execution of untrusted input.,428,13,34,[428],https://bandit.readthedocs.io/en/1.7.6/plugins/b603_subprocess_without_shell_equals_true.html
./pyudev/_compat.py,blacklist,B404,LOW,HIGH,https://cwe.mitre.org/data/definitions/78.html,Consider possible security implications associated with the subprocess module.,32,0,54,[32],https://bandit.readthedocs.io/en/1.7.6/blacklists/blacklist_imports.html#b404-import-subprocess
./pyudev/_compat.py,subprocess_without_shell_equals_true,B603,LOW,HIGH,https://cwe.mitre.org/data/definitions/78.html,subprocess call - check for execution of untrusted input.,40,11,38,[40],https://bandit.readthedocs.io/en/1.7.6/plugins/b603_subprocess_without_shell_equals_true.html
./pyudev/core.py,blacklist,B404,LOW,HIGH,https://cwe.mitre.org/data/definitions/78.html,Consider possible security implications associated with the subprocess module.,33,4,39,[33],https://bandit.readthedocs.io/en/1.7.6/blacklists/blacklist_imports.html#b404-import-subprocess
./tests/conftest.py,blacklist,B404,LOW,HIGH,https://cwe.mitre.org/data/definitions/78.html,Consider possible security implications associated with the subprocess module.,25,0,17,[25],https://bandit.readthedocs.io/en/1.7.6/blacklists/blacklist_imports.html#b404-import-subprocess
./tests/conftest.py,blacklist,B404,LOW,HIGH,https://cwe.mitre.org/data/definitions/78.html,Consider possible security implications associated with the subprocess module.,29,0,33,[29],https://bandit.readthedocs.io/en/1.7.6/blacklists/blacklist_imports.html#b404-import-subprocess
./tests/conftest.py,start_process_with_partial_path,B607,LOW,HIGH,https://cwe.mitre.org/data/definitions/78.html,Starting a process with a partial executable path,137,14,54,"[137, 138]",https://bandit.readthedocs.io/en/1.7.6/plugins/b607_start_process_with_partial_path.html
./tests/conftest.py,subprocess_without_shell_equals_true,B603,LOW,HIGH,https://cwe.mitre.org/data/definitions/78.html,subprocess call - check for execution of untrusted input.,137,14,54,"[137, 138]",https://bandit.readthedocs.io/en/1.7.6/plugins/b603_subprocess_without_shell_equals_true.html
./tests/conftest.py,start_process_with_partial_path,B607,LOW,HIGH,https://cwe.mitre.org/data/definitions/78.html,Starting a process with a partial executable path,158,14,31,"[158, 159, 160]",https://bandit.readthedocs.io/en/1.7.6/plugins/b607_start_process_with_partial_path.html
./tests/conftest.py,subprocess_without_shell_equals_true,B603,LOW,HIGH,https://cwe.mitre.org/data/definitions/78.html,subprocess call - check for execution of untrusted input.,158,14,31,"[158, 159, 160]",https://bandit.readthedocs.io/en/1.7.6/plugins/b603_subprocess_without_shell_equals_true.html
./tests/conftest.py,start_process_with_partial_path,B607,LOW,HIGH,https://cwe.mitre.org/data/definitions/78.html,Starting a process with a partial executable path,186,14,55,"[186, 187, 188, 189]",https://bandit.readthedocs.io/en/1.7.6/plugins/b607_start_process_with_partial_path.html
./tests/conftest.py,subprocess_without_shell_equals_true,B603,LOW,HIGH,https://cwe.mitre.org/data/definitions/78.html,subprocess call - check for execution of untrusted input.,186,14,55,"[186, 187, 188, 189]",https://bandit.readthedocs.io/en/1.7.6/plugins/b603_subprocess_without_shell_equals_true.html
./tests/conftest.py,start_process_with_partial_path,B607,LOW,HIGH,https://cwe.mitre.org/data/definitions/78.html,Starting a process with a partial executable path,262,4,45,[262],https://bandit.readthedocs.io/en/1.7.6/plugins/b607_start_process_with_partial_path.html
./tests/conftest.py,subprocess_without_shell_equals_true,B603,LOW,HIGH,https://cwe.mitre.org/data/definitions/78.html,subprocess call - check for execution of untrusted input.,262,4,45,[262],https://bandit.readthedocs.io/en/1.7.6/plugins/b603_subprocess_without_shell_equals_true.html
./tests/conftest.py,start_process_with_partial_path,B607,LOW,HIGH,https://cwe.mitre.org/data/definitions/78.html,Starting a process with a partial executable path,271,4,51,[271],https://bandit.readthedocs.io/en/1.7.6/plugins/b607_start_process_with_partial_path.html
./tests/conftest.py,subprocess_without_shell_equals_true,B603,LOW,HIGH,https://cwe.mitre.org/data/definitions/78.html,subprocess call - check for execution of untrusted input.,271,4,51,[271],https://bandit.readthedocs.io/en/1.7.6/plugins/b603_subprocess_without_shell_equals_true.html
./tests/test_core.py,assert_used,B101,LOW,HIGH,https://cwe.mitre.org/data/definitions/703.html,Use of assert detected. The enclosed code will be removed when compiling to optimised byte code.,32,4,42,[32],https://bandit.readthedocs.io/en/1.7.6/plugins/b101_assert_used.html
./tests/test_core.py,assert_used,B101,LOW,HIGH,https://cwe.mitre.org/data/definitions/703.html,Use of assert detected. The enclosed code will be removed when compiling to optimised byte code.,36,4,31,[36],https://bandit.readthedocs.io/en/1.7.6/plugins/b101_assert_used.html
./tests/test_core.py,assert_used,B101,LOW,HIGH,https://cwe.mitre.org/data/definitions/703.html,Use of assert detected. The enclosed code will be removed when compiling to optimised byte code.,42,8,57,[42],https://bandit.readthedocs.io/en/1.7.6/plugins/b101_assert_used.html
./tests/test_core.py,assert_used,B101,LOW,HIGH,https://cwe.mitre.org/data/definitions/703.html,Use of assert detected. The enclosed code will be removed when compiling to optimised byte code.,43,8,41,[43],https://bandit.readthedocs.io/en/1.7.6/plugins/b101_assert_used.html
./tests/test_core.py,assert_used,B101,LOW,HIGH,https://cwe.mitre.org/data/definitions/703.html,Use of assert detected. The enclosed code will be removed when compiling to optimised byte code.,46,8,60,[46],https://bandit.readthedocs.io/en/1.7.6/plugins/b101_assert_used.html
./tests/test_core.py,assert_used,B101,LOW,HIGH,https://cwe.mitre.org/data/definitions/703.html,Use of assert detected. The enclosed code will be removed when compiling to optimised byte code.,47,8,44,[47],https://bandit.readthedocs.io/en/1.7.6/plugins/b101_assert_used.html
./tests/test_core.py,assert_used,B101,LOW,HIGH,https://cwe.mitre.org/data/definitions/703.html,Use of assert detected. The enclosed code will be removed when compiling to optimised byte code.,51,8,57,[51],https://bandit.readthedocs.io/en/1.7.6/plugins/b101_assert_used.html
./tests/test_core.py,assert_used,B101,LOW,HIGH,https://cwe.mitre.org/data/definitions/703.html,Use of assert detected. The enclosed code will be removed when compiling to optimised byte code.,52,8,46,[52],https://bandit.readthedocs.io/en/1.7.6/plugins/b101_assert_used.html
./tests/test_core.py,assert_used,B101,LOW,HIGH,https://cwe.mitre.org/data/definitions/703.html,Use of assert detected. The enclosed code will be removed when compiling to optimised byte code.,55,8,52,[55],https://bandit.readthedocs.io/en/1.7.6/plugins/b101_assert_used.html
./tests/test_core.py,assert_used,B101,LOW,HIGH,https://cwe.mitre.org/data/definitions/703.html,Use of assert detected. The enclosed code will be removed when compiling to optimised byte code.,56,8,75,[56],https://bandit.readthedocs.io/en/1.7.6/plugins/b101_assert_used.html
./tests/test_core.py,assert_used,B101,LOW,HIGH,https://cwe.mitre.org/data/definitions/703.html,Use of assert detected. The enclosed code will be removed when compiling to optimised byte code.,62,12,69,[62],https://bandit.readthedocs.io/en/1.7.6/plugins/b101_assert_used.html
./tests/test_core.py,blacklist,B311,LOW,HIGH,https://cwe.mitre.org/data/definitions/330.html,Standard pseudo-random generators are not suitable for security/cryptographic purposes.,76,23,54,[76],https://bandit.readthedocs.io/en/1.7.6/blacklists/blacklist_calls.html#b311-random
./tests/test_core.py,assert_used,B101,LOW,HIGH,https://cwe.mitre.org/data/definitions/703.html,Use of assert detected. The enclosed code will be removed when compiling to optimised byte code.,77,8,43,[77],https://bandit.readthedocs.io/en/1.7.6/plugins/b101_assert_used.html
./tests/test_core.py,assert_used,B101,LOW,HIGH,https://cwe.mitre.org/data/definitions/703.html,Use of assert detected. The enclosed code will be removed when compiling to optimised byte code.,80,12,55,[80],https://bandit.readthedocs.io/en/1.7.6/plugins/b101_assert_used.html
./tests/test_device.py,assert_used,B101,LOW,HIGH,https://cwe.mitre.org/data/definitions/703.html,Use of assert detected. The enclosed code will be removed when compiling to optimised byte code.,57,8,33,[57],https://bandit.readthedocs.io/en/1.7.6/plugins/b101_assert_used.html
./tests/test_device.py,assert_used,B101,LOW,HIGH,https://cwe.mitre.org/data/definitions/703.html,Use of assert detected. The enclosed code will be removed when compiling to optimised byte code.,58,8,64,[58],https://bandit.readthedocs.io/en/1.7.6/plugins/b101_assert_used.html
./tests/test_device.py,assert_used,B101,LOW,HIGH,https://cwe.mitre.org/data/definitions/703.html,Use of assert detected. The enclosed code will be removed when compiling to optimised byte code.,59,8,60,[59],https://bandit.readthedocs.io/en/1.7.6/plugins/b101_assert_used.html
./tests/test_device.py,assert_used,B101,LOW,HIGH,https://cwe.mitre.org/data/definitions/703.html,Use of assert detected. The enclosed code will be removed when compiling to optimised byte code.,62,8,61,"[62, 63]",https://bandit.readthedocs.io/en/1.7.6/plugins/b101_assert_used.html
./tests/test_device.py,assert_used,B101,LOW,HIGH,https://cwe.mitre.org/data/definitions/703.html,Use of assert detected. The enclosed code will be removed when compiling to optimised byte code.,67,8,33,[67],https://bandit.readthedocs.io/en/1.7.6/plugins/b101_assert_used.html
./tests/test_device.py,assert_used,B101,LOW,HIGH,https://cwe.mitre.org/data/definitions/703.html,Use of assert detected. The enclosed code will be removed when compiling to optimised byte code.,68,8,42,[68],https://bandit.readthedocs.io/en/1.7.6/plugins/b101_assert_used.html
./tests/test_device.py,assert_used,B101,LOW,HIGH,https://cwe.mitre.org/data/definitions/703.html,Use of assert detected. The enclosed code will be removed when compiling to optimised byte code.,75,8,41,[75],https://bandit.readthedocs.io/en/1.7.6/plugins/b101_assert_used.html
./tests/test_device.py,assert_used,B101,LOW,HIGH,https://cwe.mitre.org/data/definitions/703.html,Use of assert detected. The enclosed code will be removed when compiling to optimised byte code.,76,8,66,[76],https://bandit.readthedocs.io/en/1.7.6/plugins/b101_assert_used.html
./tests/test_device.py,assert_used,B101,LOW,HIGH,https://cwe.mitre.org/data/definitions/703.html,Use of assert detected. The enclosed code will be removed when compiling to optimised byte code.,81,8,35,[81],https://bandit.readthedocs.io/en/1.7.6/plugins/b101_assert_used.html
./tests/test_device.py,assert_used,B101,LOW,HIGH,https://cwe.mitre.org/data/definitions/703.html,Use of assert detected. The enclosed code will be removed when compiling to optimised byte code.,87,8,41,[87],https://bandit.readthedocs.io/en/1.7.6/plugins/b101_assert_used.html
./tests/test_device.py,assert_used,B101,LOW,HIGH,https://cwe.mitre.org/data/definitions/703.html,Use of assert detected. The enclosed code will be removed when compiling to optimised byte code.,88,8,41,[88],https://bandit.readthedocs.io/en/1.7.6/plugins/b101_assert_used.html
./tests/test_device.py,assert_used,B101,LOW,HIGH,https://cwe.mitre.org/data/definitions/703.html,Use of assert detected. The enclosed code will be removed when compiling to optimised byte code.,89,8,44,"[89, 90]",https://bandit.readthedocs.io/en/1.7.6/plugins/b101_assert_used.html
./tests/test_device.py,assert_used,B101,LOW,HIGH,https://cwe.mitre.org/data/definitions/703.html,Use of assert detected. The enclosed code will be removed when compiling to optimised byte code.,96,8,53,[96],https://bandit.readthedocs.io/en/1.7.6/plugins/b101_assert_used.html
./tests/test_device.py,assert_used,B101,LOW,HIGH,https://cwe.mitre.org/data/definitions/703.html,Use of assert detected. The enclosed code will be removed when compiling to optimised byte code.,97,8,41,[97],https://bandit.readthedocs.io/en/1.7.6/plugins/b101_assert_used.html
./tests/test_device.py,assert_used,B101,LOW,HIGH,https://cwe.mitre.org/data/definitions/703.html,Use of assert detected. The enclosed code will be removed when compiling to optimised byte code.,98,8,44,"[98, 99]",https://bandit.readthedocs.io/en/1.7.6/plugins/b101_assert_used.html
./tests/test_device.py,assert_used,B101,LOW,HIGH,https://cwe.mitre.org/data/definitions/703.html,Use of assert detected. The enclosed code will be removed when compiling to optimised byte code.,108,8,52,[108],https://bandit.readthedocs.io/en/1.7.6/plugins/b101_assert_used.html
./tests/test_device.py,assert_used,B101,LOW,HIGH,https://cwe.mitre.org/data/definitions/703.html,Use of assert detected. The enclosed code will be removed when compiling to optimised byte code.,110,8,48,[110],https://bandit.readthedocs.io/en/1.7.6/plugins/b101_assert_used.html
./tests/test_device.py,assert_used,B101,LOW,HIGH,https://cwe.mitre.org/data/definitions/703.html,Use of assert detected. The enclosed code will be removed when compiling to optimised byte code.,127,12,52,[127],https://bandit.readthedocs.io/en/1.7.6/plugins/b101_assert_used.html
./tests/test_device.py,assert_used,B101,LOW,HIGH,https://cwe.mitre.org/data/definitions/703.html,Use of assert detected. The enclosed code will be removed when compiling to optimised byte code.,130,12,44,[130],https://bandit.readthedocs.io/en/1.7.6/plugins/b101_assert_used.html
./tests/test_device.py,assert_used,B101,LOW,HIGH,https://cwe.mitre.org/data/definitions/703.html,Use of assert detected. The enclosed code will be removed when compiling to optimised byte code.,131,12,55,[131],https://bandit.readthedocs.io/en/1.7.6/plugins/b101_assert_used.html
./tests/test_device.py,assert_used,B101,LOW,HIGH,https://cwe.mitre.org/data/definitions/703.html,Use of assert detected. The enclosed code will be removed when compiling to optimised byte code.,136,8,77,"[136, 137]",https://bandit.readthedocs.io/en/1.7.6/plugins/b101_assert_used.html
./tests/test_device.py,assert_used,B101,LOW,HIGH,https://cwe.mitre.org/data/definitions/703.html,Use of assert detected. The enclosed code will be removed when compiling to optimised byte code.,146,8,73,[146],https://bandit.readthedocs.io/en/1.7.6/plugins/b101_assert_used.html
./tests/test_device.py,assert_used,B101,LOW,HIGH,https://cwe.mitre.org/data/definitions/703.html,Use of assert detected. The enclosed code will be removed when compiling to optimised byte code.,148,12,51,[148],https://bandit.readthedocs.io/en/1.7.6/plugins/b101_assert_used.html
./tests/test_device.py,assert_used,B101,LOW,HIGH,https://cwe.mitre.org/data/definitions/703.html,Use of assert detected. The enclosed code will be removed when compiling to optimised byte code.,152,12,41,[152],https://bandit.readthedocs.io/en/1.7.6/plugins/b101_assert_used.html
./tests/test_device.py,assert_used,B101,LOW,HIGH,https://cwe.mitre.org/data/definitions/703.html,Use of assert detected. The enclosed code will be removed when compiling to optimised byte code.,158,8,51,[158],https://bandit.readthedocs.io/en/1.7.6/plugins/b101_assert_used.html
./tests/test_device.py,assert_used,B101,LOW,HIGH,https://cwe.mitre.org/data/definitions/703.html,Use of assert detected. The enclosed code will be removed when compiling to optimised byte code.,159,8,42,[159],https://bandit.readthedocs.io/en/1.7.6/plugins/b101_assert_used.html
./tests/test_device.py,assert_used,B101,LOW,HIGH,https://cwe.mitre.org/data/definitions/703.html,Use of assert detected. The enclosed code will be removed when compiling to optimised byte code.,160,8,40,[160],https://bandit.readthedocs.io/en/1.7.6/plugins/b101_assert_used.html
./tests/test_device.py,assert_used,B101,LOW,HIGH,https://cwe.mitre.org/data/definitions/703.html,Use of assert detected. The enclosed code will be removed when compiling to optimised byte code.,172,12,64,[172],https://bandit.readthedocs.io/en/1.7.6/plugins/b101_assert_used.html
./tests/test_device.py,assert_used,B101,LOW,HIGH,https://cwe.mitre.org/data/definitions/703.html,Use of assert detected. The enclosed code will be removed when compiling to optimised byte code.,173,12,45,[173],https://bandit.readthedocs.io/en/1.7.6/plugins/b101_assert_used.html
./tests/test_device.py,assert_used,B101,LOW,HIGH,https://cwe.mitre.org/data/definitions/703.html,Use of assert detected. The enclosed code will be removed when compiling to optimised byte code.,174,12,75,[174],https://bandit.readthedocs.io/en/1.7.6/plugins/b101_assert_used.html
./tests/test_device.py,assert_used,B101,LOW,HIGH,https://cwe.mitre.org/data/definitions/703.html,Use of assert detected. The enclosed code will be removed when compiling to optimised byte code.,187,12,58,[187],https://bandit.readthedocs.io/en/1.7.6/plugins/b101_assert_used.html
./tests/test_device.py,assert_used,B101,LOW,HIGH,https://cwe.mitre.org/data/definitions/703.html,Use of assert detected. The enclosed code will be removed when compiling to optimised byte code.,188,12,45,[188],https://bandit.readthedocs.io/en/1.7.6/plugins/b101_assert_used.html
./tests/test_device.py,assert_used,B101,LOW,HIGH,https://cwe.mitre.org/data/definitions/703.html,Use of assert detected. The enclosed code will be removed when compiling to optimised byte code.,189,12,75,[189],https://bandit.readthedocs.io/en/1.7.6/plugins/b101_assert_used.html
./tests/test_device.py,assert_used,B101,LOW,HIGH,https://cwe.mitre.org/data/definitions/703.html,Use of assert detected. The enclosed code will be removed when compiling to optimised byte code.,194,12,41,[194],https://bandit.readthedocs.io/en/1.7.6/plugins/b101_assert_used.html
./tests/test_device.py,assert_used,B101,LOW,HIGH,https://cwe.mitre.org/data/definitions/703.html,Use of assert detected. The enclosed code will be removed when compiling to optimised byte code.,195,12,43,[195],https://bandit.readthedocs.io/en/1.7.6/plugins/b101_assert_used.html
./tests/test_device.py,assert_used,B101,LOW,HIGH,https://cwe.mitre.org/data/definitions/703.html,Use of assert detected. The enclosed code will be removed when compiling to optimised byte code.,199,8,42,[199],https://bandit.readthedocs.io/en/1.7.6/plugins/b101_assert_used.html
./tests/test_device.py,assert_used,B101,LOW,HIGH,https://cwe.mitre.org/data/definitions/703.html,Use of assert detected. The enclosed code will be removed when compiling to optimised byte code.,200,8,56,[200],https://bandit.readthedocs.io/en/1.7.6/plugins/b101_assert_used.html
./tests/test_device.py,assert_used,B101,LOW,HIGH,https://cwe.mitre.org/data/definitions/703.html,Use of assert detected. The enclosed code will be removed when compiling to optimised byte code.,203,8,48,[203],https://bandit.readthedocs.io/en/1.7.6/plugins/b101_assert_used.html
./tests/test_device.py,assert_used,B101,LOW,HIGH,https://cwe.mitre.org/data/definitions/703.html,Use of assert detected. The enclosed code will be removed when compiling to optimised byte code.,204,8,59,[204],https://bandit.readthedocs.io/en/1.7.6/plugins/b101_assert_used.html
./tests/test_device.py,assert_used,B101,LOW,HIGH,https://cwe.mitre.org/data/definitions/703.html,Use of assert detected. The enclosed code will be removed when compiling to optimised byte code.,207,8,58,[207],https://bandit.readthedocs.io/en/1.7.6/plugins/b101_assert_used.html
./tests/test_device.py,assert_used,B101,LOW,HIGH,https://cwe.mitre.org/data/definitions/703.html,Use of assert detected. The enclosed code will be removed when compiling to optimised byte code.,208,8,57,[208],https://bandit.readthedocs.io/en/1.7.6/plugins/b101_assert_used.html
./tests/test_device.py,assert_used,B101,LOW,HIGH,https://cwe.mitre.org/data/definitions/703.html,Use of assert detected. The enclosed code will be removed when compiling to optimised byte code.,211,8,70,[211],https://bandit.readthedocs.io/en/1.7.6/plugins/b101_assert_used.html
./tests/test_device.py,assert_used,B101,LOW,HIGH,https://cwe.mitre.org/data/definitions/703.html,Use of assert detected. The enclosed code will be removed when compiling to optimised byte code.,212,8,56,[212],https://bandit.readthedocs.io/en/1.7.6/plugins/b101_assert_used.html
./tests/test_device.py,assert_used,B101,LOW,HIGH,https://cwe.mitre.org/data/definitions/703.html,Use of assert detected. The enclosed code will be removed when compiling to optimised byte code.,219,12,54,[219],https://bandit.readthedocs.io/en/1.7.6/plugins/b101_assert_used.html
./tests/test_device.py,assert_used,B101,LOW,HIGH,https://cwe.mitre.org/data/definitions/703.html,Use of assert detected. The enclosed code will be removed when compiling to optimised byte code.,220,12,60,[220],https://bandit.readthedocs.io/en/1.7.6/plugins/b101_assert_used.html
./tests/test_device.py,assert_used,B101,LOW,HIGH,https://cwe.mitre.org/data/definitions/703.html,Use of assert detected. The enclosed code will be removed when compiling to optimised byte code.,222,12,44,[222],https://bandit.readthedocs.io/en/1.7.6/plugins/b101_assert_used.html
./tests/test_device.py,assert_used,B101,LOW,HIGH,https://cwe.mitre.org/data/definitions/703.html,Use of assert detected. The enclosed code will be removed when compiling to optimised byte code.,226,12,62,[226],https://bandit.readthedocs.io/en/1.7.6/plugins/b101_assert_used.html
./tests/test_device.py,assert_used,B101,LOW,HIGH,https://cwe.mitre.org/data/definitions/703.html,Use of assert detected. The enclosed code will be removed when compiling to optimised byte code.,227,12,63,[227],https://bandit.readthedocs.io/en/1.7.6/plugins/b101_assert_used.html
./tests/test_device.py,assert_used,B101,LOW,HIGH,https://cwe.mitre.org/data/definitions/703.html,Use of assert detected. The enclosed code will be removed when compiling to optimised byte code.,229,12,45,[229],https://bandit.readthedocs.io/en/1.7.6/plugins/b101_assert_used.html
./tests/test_device.py,assert_used,B101,LOW,HIGH,https://cwe.mitre.org/data/definitions/703.html,Use of assert detected. The enclosed code will be removed when compiling to optimised byte code.,233,12,56,[233],https://bandit.readthedocs.io/en/1.7.6/plugins/b101_assert_used.html
./tests/test_device.py,assert_used,B101,LOW,HIGH,https://cwe.mitre.org/data/definitions/703.html,Use of assert detected. The enclosed code will be removed when compiling to optimised byte code.,234,12,58,[234],https://bandit.readthedocs.io/en/1.7.6/plugins/b101_assert_used.html
./tests/test_device.py,assert_used,B101,LOW,HIGH,https://cwe.mitre.org/data/definitions/703.html,Use of assert detected. The enclosed code will be removed when compiling to optimised byte code.,236,12,40,[236],https://bandit.readthedocs.io/en/1.7.6/plugins/b101_assert_used.html
./tests/test_device.py,assert_used,B101,LOW,HIGH,https://cwe.mitre.org/data/definitions/703.html,Use of assert detected. The enclosed code will be removed when compiling to optimised byte code.,240,12,52,[240],https://bandit.readthedocs.io/en/1.7.6/plugins/b101_assert_used.html
./tests/test_device.py,assert_used,B101,LOW,HIGH,https://cwe.mitre.org/data/definitions/703.html,Use of assert detected. The enclosed code will be removed when compiling to optimised byte code.,241,12,63,[241],https://bandit.readthedocs.io/en/1.7.6/plugins/b101_assert_used.html
./tests/test_device.py,assert_used,B101,LOW,HIGH,https://cwe.mitre.org/data/definitions/703.html,Use of assert detected. The enclosed code will be removed when compiling to optimised byte code.,243,12,45,[243],https://bandit.readthedocs.io/en/1.7.6/plugins/b101_assert_used.html
./tests/test_device.py,assert_used,B101,LOW,HIGH,https://cwe.mitre.org/data/definitions/703.html,Use of assert detected. The enclosed code will be removed when compiling to optimised byte code.,246,8,52,[246],https://bandit.readthedocs.io/en/1.7.6/plugins/b101_assert_used.html
./tests/test_device.py,assert_used,B101,LOW,HIGH,https://cwe.mitre.org/data/definitions/703.html,Use of assert detected. The enclosed code will be removed when compiling to optimised byte code.,250,8,54,[250],https://bandit.readthedocs.io/en/1.7.6/plugins/b101_assert_used.html
./tests/test_device.py,assert_used,B101,LOW,HIGH,https://cwe.mitre.org/data/definitions/703.html,Use of assert detected. The enclosed code will be removed when compiling to optimised byte code.,254,12,40,[254],https://bandit.readthedocs.io/en/1.7.6/plugins/b101_assert_used.html
./tests/test_device.py,assert_used,B101,LOW,HIGH,https://cwe.mitre.org/data/definitions/703.html,Use of assert detected. The enclosed code will be removed when compiling to optimised byte code.,259,8,67,[259],https://bandit.readthedocs.io/en/1.7.6/plugins/b101_assert_used.html
./tests/test_device.py,assert_used,B101,LOW,HIGH,https://cwe.mitre.org/data/definitions/703.html,Use of assert detected. The enclosed code will be removed when compiling to optimised byte code.,263,12,68,[263],https://bandit.readthedocs.io/en/1.7.6/plugins/b101_assert_used.html
./tests/test_device.py,assert_used,B101,LOW,HIGH,https://cwe.mitre.org/data/definitions/703.html,Use of assert detected. The enclosed code will be removed when compiling to optimised byte code.,267,8,71,"[267, 268]",https://bandit.readthedocs.io/en/1.7.6/plugins/b101_assert_used.html
./tests/test_device.py,assert_used,B101,LOW,HIGH,https://cwe.mitre.org/data/definitions/703.html,Use of assert detected. The enclosed code will be removed when compiling to optimised byte code.,269,8,76,[269],https://bandit.readthedocs.io/en/1.7.6/plugins/b101_assert_used.html
./tests/test_device.py,assert_used,B101,LOW,HIGH,https://cwe.mitre.org/data/definitions/703.html,Use of assert detected. The enclosed code will be removed when compiling to optimised byte code.,273,8,56,[273],https://bandit.readthedocs.io/en/1.7.6/plugins/b101_assert_used.html
./tests/test_device.py,assert_used,B101,LOW,HIGH,https://cwe.mitre.org/data/definitions/703.html,Use of assert detected. The enclosed code will be removed when compiling to optimised byte code.,290,8,29,[290],https://bandit.readthedocs.io/en/1.7.6/plugins/b101_assert_used.html
./tests/test_device.py,assert_used,B101,LOW,HIGH,https://cwe.mitre.org/data/definitions/703.html,Use of assert detected. The enclosed code will be removed when compiling to optimised byte code.,300,12,40,[300],https://bandit.readthedocs.io/en/1.7.6/plugins/b101_assert_used.html
./tests/test_device.py,assert_used,B101,LOW,HIGH,https://cwe.mitre.org/data/definitions/703.html,Use of assert detected. The enclosed code will be removed when compiling to optimised byte code.,310,12,64,[310],https://bandit.readthedocs.io/en/1.7.6/plugins/b101_assert_used.html
./tests/test_device.py,assert_used,B101,LOW,HIGH,https://cwe.mitre.org/data/definitions/703.html,Use of assert detected. The enclosed code will be removed when compiling to optimised byte code.,311,12,72,[311],https://bandit.readthedocs.io/en/1.7.6/plugins/b101_assert_used.html
./tests/test_device.py,assert_used,B101,LOW,HIGH,https://cwe.mitre.org/data/definitions/703.html,Use of assert detected. The enclosed code will be removed when compiling to optimised byte code.,315,8,62,[315],https://bandit.readthedocs.io/en/1.7.6/plugins/b101_assert_used.html
./tests/test_device.py,assert_used,B101,LOW,HIGH,https://cwe.mitre.org/data/definitions/703.html,Use of assert detected. The enclosed code will be removed when compiling to optimised byte code.,316,8,74,[316],https://bandit.readthedocs.io/en/1.7.6/plugins/b101_assert_used.html
./tests/test_device.py,assert_used,B101,LOW,HIGH,https://cwe.mitre.org/data/definitions/703.html,Use of assert detected. The enclosed code will be removed when compiling to optimised byte code.,319,8,49,[319],https://bandit.readthedocs.io/en/1.7.6/plugins/b101_assert_used.html
./tests/test_device.py,assert_used,B101,LOW,HIGH,https://cwe.mitre.org/data/definitions/703.html,Use of assert detected. The enclosed code will be removed when compiling to optimised byte code.,322,8,66,[322],https://bandit.readthedocs.io/en/1.7.6/plugins/b101_assert_used.html
./tests/test_device.py,assert_used,B101,LOW,HIGH,https://cwe.mitre.org/data/definitions/703.html,Use of assert detected. The enclosed code will be removed when compiling to optimised byte code.,327,8,75,"[327, 328]",https://bandit.readthedocs.io/en/1.7.6/plugins/b101_assert_used.html
./tests/test_device.py,assert_used,B101,LOW,HIGH,https://cwe.mitre.org/data/definitions/703.html,Use of assert detected. The enclosed code will be removed when compiling to optimised byte code.,339,16,54,[339],https://bandit.readthedocs.io/en/1.7.6/plugins/b101_assert_used.html
./tests/test_device.py,assert_used,B101,LOW,HIGH,https://cwe.mitre.org/data/definitions/703.html,Use of assert detected. The enclosed code will be removed when compiling to optimised byte code.,345,16,46,[345],https://bandit.readthedocs.io/en/1.7.6/plugins/b101_assert_used.html
./tests/test_device.py,assert_used,B101,LOW,HIGH,https://cwe.mitre.org/data/definitions/703.html,Use of assert detected. The enclosed code will be removed when compiling to optimised byte code.,347,16,50,[347],https://bandit.readthedocs.io/en/1.7.6/plugins/b101_assert_used.html
./tests/test_device.py,assert_used,B101,LOW,HIGH,https://cwe.mitre.org/data/definitions/703.html,Use of assert detected. The enclosed code will be removed when compiling to optimised byte code.,352,16,67,[352],https://bandit.readthedocs.io/en/1.7.6/plugins/b101_assert_used.html
./tests/test_device.py,assert_used,B101,LOW,HIGH,https://cwe.mitre.org/data/definitions/703.html,Use of assert detected. The enclosed code will be removed when compiling to optimised byte code.,355,8,55,[355],https://bandit.readthedocs.io/en/1.7.6/plugins/b101_assert_used.html
./tests/test_device.py,assert_used,B101,LOW,HIGH,https://cwe.mitre.org/data/definitions/703.html,Use of assert detected. The enclosed code will be removed when compiling to optimised byte code.,356,8,57,[356],https://bandit.readthedocs.io/en/1.7.6/plugins/b101_assert_used.html
./tests/test_device.py,assert_used,B101,LOW,HIGH,https://cwe.mitre.org/data/definitions/703.html,Use of assert detected. The enclosed code will be removed when compiling to optimised byte code.,357,8,50,[357],https://bandit.readthedocs.io/en/1.7.6/plugins/b101_assert_used.html
./tests/test_device.py,assert_used,B101,LOW,HIGH,https://cwe.mitre.org/data/definitions/703.html,Use of assert detected. The enclosed code will be removed when compiling to optimised byte code.,360,8,43,[360],https://bandit.readthedocs.io/en/1.7.6/plugins/b101_assert_used.html
./tests/test_device.py,assert_used,B101,LOW,HIGH,https://cwe.mitre.org/data/definitions/703.html,Use of assert detected. The enclosed code will be removed when compiling to optimised byte code.,361,8,31,[361],https://bandit.readthedocs.io/en/1.7.6/plugins/b101_assert_used.html
./tests/test_device.py,assert_used,B101,LOW,HIGH,https://cwe.mitre.org/data/definitions/703.html,Use of assert detected. The enclosed code will be removed when compiling to optimised byte code.,362,8,45,[362],https://bandit.readthedocs.io/en/1.7.6/plugins/b101_assert_used.html
./tests/test_device.py,assert_used,B101,LOW,HIGH,https://cwe.mitre.org/data/definitions/703.html,Use of assert detected. The enclosed code will be removed when compiling to optimised byte code.,363,8,44,[363],https://bandit.readthedocs.io/en/1.7.6/plugins/b101_assert_used.html
./tests/test_device.py,assert_used,B101,LOW,HIGH,https://cwe.mitre.org/data/definitions/703.html,Use of assert detected. The enclosed code will be removed when compiling to optimised byte code.,366,8,49,[366],https://bandit.readthedocs.io/en/1.7.6/plugins/b101_assert_used.html
./tests/test_device.py,assert_used,B101,LOW,HIGH,https://cwe.mitre.org/data/definitions/703.html,Use of assert detected. The enclosed code will be removed when compiling to optimised byte code.,367,8,37,[367],https://bandit.readthedocs.io/en/1.7.6/plugins/b101_assert_used.html
./tests/test_device.py,assert_used,B101,LOW,HIGH,https://cwe.mitre.org/data/definitions/703.html,Use of assert detected. The enclosed code will be removed when compiling to optimised byte code.,368,8,51,[368],https://bandit.readthedocs.io/en/1.7.6/plugins/b101_assert_used.html
./tests/test_device.py,assert_used,B101,LOW,HIGH,https://cwe.mitre.org/data/definitions/703.html,Use of assert detected. The enclosed code will be removed when compiling to optimised byte code.,369,8,38,[369],https://bandit.readthedocs.io/en/1.7.6/plugins/b101_assert_used.html
./tests/test_device.py,assert_used,B101,LOW,HIGH,https://cwe.mitre.org/data/definitions/703.html,Use of assert detected. The enclosed code will be removed when compiling to optimised byte code.,374,8,60,[374],https://bandit.readthedocs.io/en/1.7.6/plugins/b101_assert_used.html
./tests/test_device.py,assert_used,B101,LOW,HIGH,https://cwe.mitre.org/data/definitions/703.html,Use of assert detected. The enclosed code will be removed when compiling to optimised byte code.,383,8,54,[383],https://bandit.readthedocs.io/en/1.7.6/plugins/b101_assert_used.html
./tests/test_device.py,assert_used,B101,LOW,HIGH,https://cwe.mitre.org/data/definitions/703.html,Use of assert detected. The enclosed code will be removed when compiling to optimised byte code.,387,8,62,[387],https://bandit.readthedocs.io/en/1.7.6/plugins/b101_assert_used.html
./tests/test_device.py,assert_used,B101,LOW,HIGH,https://cwe.mitre.org/data/definitions/703.html,Use of assert detected. The enclosed code will be removed when compiling to optimised byte code.,388,8,74,[388],https://bandit.readthedocs.io/en/1.7.6/plugins/b101_assert_used.html
./tests/test_device.py,assert_used,B101,LOW,HIGH,https://cwe.mitre.org/data/definitions/703.html,Use of assert detected. The enclosed code will be removed when compiling to optimised byte code.,401,8,62,[401],https://bandit.readthedocs.io/en/1.7.6/plugins/b101_assert_used.html
./tests/test_device.py,assert_used,B101,LOW,HIGH,https://cwe.mitre.org/data/definitions/703.html,Use of assert detected. The enclosed code will be removed when compiling to optimised byte code.,404,8,79,[404],https://bandit.readthedocs.io/en/1.7.6/plugins/b101_assert_used.html
./tests/test_device.py,assert_used,B101,LOW,HIGH,https://cwe.mitre.org/data/definitions/703.html,Use of assert detected. The enclosed code will be removed when compiling to optimised byte code.,405,8,50,"[405, 406]",https://bandit.readthedocs.io/en/1.7.6/plugins/b101_assert_used.html
./tests/test_device.py,assert_used,B101,LOW,HIGH,https://cwe.mitre.org/data/definitions/703.html,Use of assert detected. The enclosed code will be removed when compiling to optimised byte code.,409,8,39,"[409, 410]",https://bandit.readthedocs.io/en/1.7.6/plugins/b101_assert_used.html
./tests/test_device.py,assert_used,B101,LOW,HIGH,https://cwe.mitre.org/data/definitions/703.html,Use of assert detected. The enclosed code will be removed when compiling to optimised byte code.,411,8,50,"[411, 412]",https://bandit.readthedocs.io/en/1.7.6/plugins/b101_assert_used.html
./tests/test_device.py,assert_used,B101,LOW,HIGH,https://cwe.mitre.org/data/definitions/703.html,Use of assert detected. The enclosed code will be removed when compiling to optimised byte code.,422,16,66,[422],https://bandit.readthedocs.io/en/1.7.6/plugins/b101_assert_used.html
./tests/test_device.py,assert_used,B101,LOW,HIGH,https://cwe.mitre.org/data/definitions/703.html,Use of assert detected. The enclosed code will be removed when compiling to optimised byte code.,427,16,58,[427],https://bandit.readthedocs.io/en/1.7.6/plugins/b101_assert_used.html
./tests/test_device.py,assert_used,B101,LOW,HIGH,https://cwe.mitre.org/data/definitions/703.html,Use of assert detected. The enclosed code will be removed when compiling to optimised byte code.,429,16,62,[429],https://bandit.readthedocs.io/en/1.7.6/plugins/b101_assert_used.html
./tests/test_device.py,assert_used,B101,LOW,HIGH,https://cwe.mitre.org/data/definitions/703.html,Use of assert detected. The enclosed code will be removed when compiling to optimised byte code.,434,16,67,[434],https://bandit.readthedocs.io/en/1.7.6/plugins/b101_assert_used.html
./tests/test_enumerate.py,assert_used,B101,LOW,HIGH,https://cwe.mitre.org/data/definitions/703.html,Use of assert detected. The enclosed code will be removed when compiling to optimised byte code.,34,8,59,[34],https://bandit.readthedocs.io/en/1.7.6/plugins/b101_assert_used.html
./tests/test_enumerate.py,assert_used,B101,LOW,HIGH,https://cwe.mitre.org/data/definitions/703.html,Use of assert detected. The enclosed code will be removed when compiling to optimised byte code.,38,8,56,[38],https://bandit.readthedocs.io/en/1.7.6/plugins/b101_assert_used.html
./tests/test_enumerate.py,assert_used,B101,LOW,HIGH,https://cwe.mitre.org/data/definitions/703.html,Use of assert detected. The enclosed code will be removed when compiling to optimised byte code.,42,8,57,[42],https://bandit.readthedocs.io/en/1.7.6/plugins/b101_assert_used.html
./tests/test_enumerate.py,assert_used,B101,LOW,HIGH,https://cwe.mitre.org/data/definitions/703.html,Use of assert detected. The enclosed code will be removed when compiling to optimised byte code.,43,8,54,[43],https://bandit.readthedocs.io/en/1.7.6/plugins/b101_assert_used.html
./tests/test_enumerate.py,assert_used,B101,LOW,HIGH,https://cwe.mitre.org/data/definitions/703.html,Use of assert detected. The enclosed code will be removed when compiling to optimised byte code.,47,8,61,[47],https://bandit.readthedocs.io/en/1.7.6/plugins/b101_assert_used.html
./tests/test_enumerate.py,assert_used,B101,LOW,HIGH,https://cwe.mitre.org/data/definitions/703.html,Use of assert detected. The enclosed code will be removed when compiling to optimised byte code.,48,8,65,[48],https://bandit.readthedocs.io/en/1.7.6/plugins/b101_assert_used.html
./tests/test_enumerate.py,assert_used,B101,LOW,HIGH,https://cwe.mitre.org/data/definitions/703.html,Use of assert detected. The enclosed code will be removed when compiling to optimised byte code.,52,8,61,[52],https://bandit.readthedocs.io/en/1.7.6/plugins/b101_assert_used.html
./tests/test_enumerate.py,assert_used,B101,LOW,HIGH,https://cwe.mitre.org/data/definitions/703.html,Use of assert detected. The enclosed code will be removed when compiling to optimised byte code.,53,8,61,[53],https://bandit.readthedocs.io/en/1.7.6/plugins/b101_assert_used.html
./tests/test_enumerate.py,assert_used,B101,LOW,HIGH,https://cwe.mitre.org/data/definitions/703.html,Use of assert detected. The enclosed code will be removed when compiling to optimised byte code.,61,12,39,[61],https://bandit.readthedocs.io/en/1.7.6/plugins/b101_assert_used.html
./tests/test_enumerate.py,assert_used,B101,LOW,HIGH,https://cwe.mitre.org/data/definitions/703.html,Use of assert detected. The enclosed code will be removed when compiling to optimised byte code.,64,12,45,[64],https://bandit.readthedocs.io/en/1.7.6/plugins/b101_assert_used.html
./tests/test_enumerate.py,assert_used,B101,LOW,HIGH,https://cwe.mitre.org/data/definitions/703.html,Use of assert detected. The enclosed code will be removed when compiling to optimised byte code.,69,8,53,[69],https://bandit.readthedocs.io/en/1.7.6/plugins/b101_assert_used.html
./tests/test_enumerate.py,assert_used,B101,LOW,HIGH,https://cwe.mitre.org/data/definitions/703.html,Use of assert detected. The enclosed code will be removed when compiling to optimised byte code.,76,12,46,[76],https://bandit.readthedocs.io/en/1.7.6/plugins/b101_assert_used.html
./tests/test_enumerate.py,assert_used,B101,LOW,HIGH,https://cwe.mitre.org/data/definitions/703.html,Use of assert detected. The enclosed code will be removed when compiling to optimised byte code.,86,8,80,[86],https://bandit.readthedocs.io/en/1.7.6/plugins/b101_assert_used.html
./tests/test_enumerate.py,assert_used,B101,LOW,HIGH,https://cwe.mitre.org/data/definitions/703.html,Use of assert detected. The enclosed code will be removed when compiling to optimised byte code.,94,8,26,[94],https://bandit.readthedocs.io/en/1.7.6/plugins/b101_assert_used.html
./tests/test_enumerate.py,assert_used,B101,LOW,HIGH,https://cwe.mitre.org/data/definitions/703.html,Use of assert detected. The enclosed code will be removed when compiling to optimised byte code.,99,8,59,[99],https://bandit.readthedocs.io/en/1.7.6/plugins/b101_assert_used.html
./tests/test_enumerate.py,assert_used,B101,LOW,HIGH,https://cwe.mitre.org/data/definitions/703.html,Use of assert detected. The enclosed code will be removed when compiling to optimised byte code.,100,8,63,[100],https://bandit.readthedocs.io/en/1.7.6/plugins/b101_assert_used.html
./tests/test_enumerate.py,assert_used,B101,LOW,HIGH,https://cwe.mitre.org/data/definitions/703.html,Use of assert detected. The enclosed code will be removed when compiling to optimised byte code.,101,8,59,[101],https://bandit.readthedocs.io/en/1.7.6/plugins/b101_assert_used.html
./tests/test_enumerate.py,assert_used,B101,LOW,HIGH,https://cwe.mitre.org/data/definitions/703.html,Use of assert detected. The enclosed code will be removed when compiling to optimised byte code.,124,12,49,[124],https://bandit.readthedocs.io/en/1.7.6/plugins/b101_assert_used.html
./tests/test_enumerate.py,assert_used,B101,LOW,HIGH,https://cwe.mitre.org/data/definitions/703.html,Use of assert detected. The enclosed code will be removed when compiling to optimised byte code.,126,12,68,[126],https://bandit.readthedocs.io/en/1.7.6/plugins/b101_assert_used.html
./tests/test_enumerate.py,assert_used,B101,LOW,HIGH,https://cwe.mitre.org/data/definitions/703.html,Use of assert detected. The enclosed code will be removed when compiling to optimised byte code.,127,12,68,[127],https://bandit.readthedocs.io/en/1.7.6/plugins/b101_assert_used.html
./tests/test_enumerate.py,assert_used,B101,LOW,HIGH,https://cwe.mitre.org/data/definitions/703.html,Use of assert detected. The enclosed code will be removed when compiling to optimised byte code.,136,8,59,[136],https://bandit.readthedocs.io/en/1.7.6/plugins/b101_assert_used.html
./tests/test_enumerate.py,assert_used,B101,LOW,HIGH,https://cwe.mitre.org/data/definitions/703.html,Use of assert detected. The enclosed code will be removed when compiling to optimised byte code.,137,8,63,[137],https://bandit.readthedocs.io/en/1.7.6/plugins/b101_assert_used.html
./tests/test_enumerate.py,assert_used,B101,LOW,HIGH,https://cwe.mitre.org/data/definitions/703.html,Use of assert detected. The enclosed code will be removed when compiling to optimised byte code.,138,8,59,[138],https://bandit.readthedocs.io/en/1.7.6/plugins/b101_assert_used.html
./tests/test_libudev.py,assert_used,B101,LOW,HIGH,https://cwe.mitre.org/data/definitions/703.html,Use of assert detected. The enclosed code will be removed when compiling to optimised byte code.,80,4,37,[80],https://bandit.readthedocs.io/en/1.7.6/plugins/b101_assert_used.html
./tests/test_libudev.py,assert_used,B101,LOW,HIGH,https://cwe.mitre.org/data/definitions/703.html,Use of assert detected. The enclosed code will be removed when compiling to optimised byte code.,87,4,34,[87],https://bandit.readthedocs.io/en/1.7.6/plugins/b101_assert_used.html
./tests/test_libudev.py,assert_used,B101,LOW,HIGH,https://cwe.mitre.org/data/definitions/703.html,Use of assert detected. The enclosed code will be removed when compiling to optimised byte code.,89,8,32,[89],https://bandit.readthedocs.io/en/1.7.6/plugins/b101_assert_used.html
./tests/test_libudev.py,assert_used,B101,LOW,HIGH,https://cwe.mitre.org/data/definitions/703.html,Use of assert detected. The enclosed code will be removed when compiling to optimised byte code.,91,8,40,[91],https://bandit.readthedocs.io/en/1.7.6/plugins/b101_assert_used.html
./tests/test_libudev.py,assert_used,B101,LOW,HIGH,https://cwe.mitre.org/data/definitions/703.html,Use of assert detected. The enclosed code will be removed when compiling to optimised byte code.,92,4,36,[92],https://bandit.readthedocs.io/en/1.7.6/plugins/b101_assert_used.html
./tests/test_libudev.py,assert_used,B101,LOW,HIGH,https://cwe.mitre.org/data/definitions/703.html,Use of assert detected. The enclosed code will be removed when compiling to optimised byte code.,99,4,49,[99],https://bandit.readthedocs.io/en/1.7.6/plugins/b101_assert_used.html
./tests/test_monitor.py,assert_used,B101,LOW,HIGH,https://cwe.mitre.org/data/definitions/703.html,Use of assert detected. The enclosed code will be removed when compiling to optimised byte code.,46,8,66,[46],https://bandit.readthedocs.io/en/1.7.6/plugins/b101_assert_used.html
./tests/test_monitor.py,assert_used,B101,LOW,HIGH,https://cwe.mitre.org/data/definitions/703.html,Use of assert detected. The enclosed code will be removed when compiling to optimised byte code.,47,8,62,[47],https://bandit.readthedocs.io/en/1.7.6/plugins/b101_assert_used.html
./tests/test_monitor.py,assert_used,B101,LOW,HIGH,https://cwe.mitre.org/data/definitions/703.html,Use of assert detected. The enclosed code will be removed when compiling to optimised byte code.,57,8,45,[57],https://bandit.readthedocs.io/en/1.7.6/plugins/b101_assert_used.html
./tests/test_monitor.py,assert_used,B101,LOW,HIGH,https://cwe.mitre.org/data/definitions/703.html,Use of assert detected. The enclosed code will be removed when compiling to optimised byte code.,61,8,37,[61],https://bandit.readthedocs.io/en/1.7.6/plugins/b101_assert_used.html
./tests/test_monitor.py,assert_used,B101,LOW,HIGH,https://cwe.mitre.org/data/definitions/703.html,Use of assert detected. The enclosed code will be removed when compiling to optimised byte code.,63,8,37,[63],https://bandit.readthedocs.io/en/1.7.6/plugins/b101_assert_used.html
./tests/test_monitor.py,assert_used,B101,LOW,HIGH,https://cwe.mitre.org/data/definitions/703.html,Use of assert detected. The enclosed code will be removed when compiling to optimised byte code.,71,8,37,[71],https://bandit.readthedocs.io/en/1.7.6/plugins/b101_assert_used.html
./tests/test_monitor.py,assert_used,B101,LOW,HIGH,https://cwe.mitre.org/data/definitions/703.html,Use of assert detected. The enclosed code will be removed when compiling to optimised byte code.,78,8,37,[78],https://bandit.readthedocs.io/en/1.7.6/plugins/b101_assert_used.html
./tests/test_monitor.py,assert_used,B101,LOW,HIGH,https://cwe.mitre.org/data/definitions/703.html,Use of assert detected. The enclosed code will be removed when compiling to optimised byte code.,88,12,66,[88],https://bandit.readthedocs.io/en/1.7.6/plugins/b101_assert_used.html
./tests/test_monitor.py,assert_used,B101,LOW,HIGH,https://cwe.mitre.org/data/definitions/703.html,Use of assert detected. The enclosed code will be removed when compiling to optimised byte code.,91,12,69,[91],https://bandit.readthedocs.io/en/1.7.6/plugins/b101_assert_used.html
./tests/test_monitor.py,assert_used,B101,LOW,HIGH,https://cwe.mitre.org/data/definitions/703.html,Use of assert detected. The enclosed code will be removed when compiling to optimised byte code.,101,12,59,[101],https://bandit.readthedocs.io/en/1.7.6/plugins/b101_assert_used.html
./tests/test_monitor.py,assert_used,B101,LOW,HIGH,https://cwe.mitre.org/data/definitions/703.html,Use of assert detected. The enclosed code will be removed when compiling to optimised byte code.,120,12,63,[120],https://bandit.readthedocs.io/en/1.7.6/plugins/b101_assert_used.html
./tests/test_monitor.py,assert_used,B101,LOW,HIGH,https://cwe.mitre.org/data/definitions/703.html,Use of assert detected. The enclosed code will be removed when compiling to optimised byte code.,134,12,63,[134],https://bandit.readthedocs.io/en/1.7.6/plugins/b101_assert_used.html
./tests/test_monitor.py,assert_used,B101,LOW,HIGH,https://cwe.mitre.org/data/definitions/703.html,Use of assert detected. The enclosed code will be removed when compiling to optimised byte code.,149,12,63,[149],https://bandit.readthedocs.io/en/1.7.6/plugins/b101_assert_used.html
./tests/test_monitor.py,assert_used,B101,LOW,HIGH,https://cwe.mitre.org/data/definitions/703.html,Use of assert detected. The enclosed code will be removed when compiling to optimised byte code.,168,8,46,[168],https://bandit.readthedocs.io/en/1.7.6/plugins/b101_assert_used.html
./tests/test_monitor.py,assert_used,B101,LOW,HIGH,https://cwe.mitre.org/data/definitions/703.html,Use of assert detected. The enclosed code will be removed when compiling to optimised byte code.,169,8,62,[169],https://bandit.readthedocs.io/en/1.7.6/plugins/b101_assert_used.html
./tests/test_monitor.py,assert_used,B101,LOW,HIGH,https://cwe.mitre.org/data/definitions/703.html,Use of assert detected. The enclosed code will be removed when compiling to optimised byte code.,170,8,49,[170],https://bandit.readthedocs.io/en/1.7.6/plugins/b101_assert_used.html
./tests/test_monitor.py,assert_used,B101,LOW,HIGH,https://cwe.mitre.org/data/definitions/703.html,Use of assert detected. The enclosed code will be removed when compiling to optimised byte code.,173,8,56,[173],https://bandit.readthedocs.io/en/1.7.6/plugins/b101_assert_used.html
./tests/test_monitor.py,assert_used,B101,LOW,HIGH,https://cwe.mitre.org/data/definitions/703.html,Use of assert detected. The enclosed code will be removed when compiling to optimised byte code.,191,16,50,[191],https://bandit.readthedocs.io/en/1.7.6/plugins/b101_assert_used.html
./tests/test_monitor.py,assert_used,B101,LOW,HIGH,https://cwe.mitre.org/data/definitions/703.html,Use of assert detected. The enclosed code will be removed when compiling to optimised byte code.,192,16,66,[192],https://bandit.readthedocs.io/en/1.7.6/plugins/b101_assert_used.html
./tests/test_monitor.py,assert_used,B101,LOW,HIGH,https://cwe.mitre.org/data/definitions/703.html,Use of assert detected. The enclosed code will be removed when compiling to optimised byte code.,198,16,57,[198],https://bandit.readthedocs.io/en/1.7.6/plugins/b101_assert_used.html
./tests/test_monitor.py,assert_used,B101,LOW,HIGH,https://cwe.mitre.org/data/definitions/703.html,Use of assert detected. The enclosed code will be removed when compiling to optimised byte code.,209,8,30,[209],https://bandit.readthedocs.io/en/1.7.6/plugins/b101_assert_used.html
./tests/test_monitor.py,assert_used,B101,LOW,HIGH,https://cwe.mitre.org/data/definitions/703.html,Use of assert detected. The enclosed code will be removed when compiling to optimised byte code.,210,8,40,[210],https://bandit.readthedocs.io/en/1.7.6/plugins/b101_assert_used.html
./tests/test_monitor.py,assert_used,B101,LOW,HIGH,https://cwe.mitre.org/data/definitions/703.html,Use of assert detected. The enclosed code will be removed when compiling to optimised byte code.,211,8,66,[211],https://bandit.readthedocs.io/en/1.7.6/plugins/b101_assert_used.html
./tests/test_monitor.py,assert_used,B101,LOW,HIGH,https://cwe.mitre.org/data/definitions/703.html,Use of assert detected. The enclosed code will be removed when compiling to optimised byte code.,215,8,33,[215],https://bandit.readthedocs.io/en/1.7.6/plugins/b101_assert_used.html
./tests/test_monitor.py,assert_used,B101,LOW,HIGH,https://cwe.mitre.org/data/definitions/703.html,Use of assert detected. The enclosed code will be removed when compiling to optimised byte code.,216,8,40,[216],https://bandit.readthedocs.io/en/1.7.6/plugins/b101_assert_used.html
./tests/test_monitor.py,assert_used,B101,LOW,HIGH,https://cwe.mitre.org/data/definitions/703.html,Use of assert detected. The enclosed code will be removed when compiling to optimised byte code.,217,8,66,[217],https://bandit.readthedocs.io/en/1.7.6/plugins/b101_assert_used.html
./tests/test_monitor.py,assert_used,B101,LOW,HIGH,https://cwe.mitre.org/data/definitions/703.html,Use of assert detected. The enclosed code will be removed when compiling to optimised byte code.,228,12,37,[228],https://bandit.readthedocs.io/en/1.7.6/plugins/b101_assert_used.html
./tests/test_monitor.py,assert_used,B101,LOW,HIGH,https://cwe.mitre.org/data/definitions/703.html,Use of assert detected. The enclosed code will be removed when compiling to optimised byte code.,229,12,51,[229],https://bandit.readthedocs.io/en/1.7.6/plugins/b101_assert_used.html
./tests/test_monitor.py,assert_used,B101,LOW,HIGH,https://cwe.mitre.org/data/definitions/703.html,Use of assert detected. The enclosed code will be removed when compiling to optimised byte code.,230,12,45,[230],https://bandit.readthedocs.io/en/1.7.6/plugins/b101_assert_used.html
./tests/test_monitor.py,assert_used,B101,LOW,HIGH,https://cwe.mitre.org/data/definitions/703.html,Use of assert detected. The enclosed code will be removed when compiling to optimised byte code.,231,12,52,[231],https://bandit.readthedocs.io/en/1.7.6/plugins/b101_assert_used.html
./tests/test_monitor.py,assert_used,B101,LOW,HIGH,https://cwe.mitre.org/data/definitions/703.html,Use of assert detected. The enclosed code will be removed when compiling to optimised byte code.,232,12,65,[232],https://bandit.readthedocs.io/en/1.7.6/plugins/b101_assert_used.html
./tests/test_monitor.py,assert_used,B101,LOW,HIGH,https://cwe.mitre.org/data/definitions/703.html,Use of assert detected. The enclosed code will be removed when compiling to optimised byte code.,245,12,68,[245],https://bandit.readthedocs.io/en/1.7.6/plugins/b101_assert_used.html
./tests/test_monitor.py,assert_used,B101,LOW,HIGH,https://cwe.mitre.org/data/definitions/703.html,Use of assert detected. The enclosed code will be removed when compiling to optimised byte code.,250,12,46,[250],https://bandit.readthedocs.io/en/1.7.6/plugins/b101_assert_used.html
./tests/test_monitor.py,assert_used,B101,LOW,HIGH,https://cwe.mitre.org/data/definitions/703.html,Use of assert detected. The enclosed code will be removed when compiling to optimised byte code.,251,12,62,[251],https://bandit.readthedocs.io/en/1.7.6/plugins/b101_assert_used.html
./tests/test_monitor.py,assert_used,B101,LOW,HIGH,https://cwe.mitre.org/data/definitions/703.html,Use of assert detected. The enclosed code will be removed when compiling to optimised byte code.,261,8,30,[261],https://bandit.readthedocs.io/en/1.7.6/plugins/b101_assert_used.html
./tests/test_monitor.py,assert_used,B101,LOW,HIGH,https://cwe.mitre.org/data/definitions/703.html,Use of assert detected. The enclosed code will be removed when compiling to optimised byte code.,262,8,40,[262],https://bandit.readthedocs.io/en/1.7.6/plugins/b101_assert_used.html
./tests/test_monitor.py,assert_used,B101,LOW,HIGH,https://cwe.mitre.org/data/definitions/703.html,Use of assert detected. The enclosed code will be removed when compiling to optimised byte code.,263,8,66,[263],https://bandit.readthedocs.io/en/1.7.6/plugins/b101_assert_used.html
./tests/test_monitor.py,assert_used,B101,LOW,HIGH,https://cwe.mitre.org/data/definitions/703.html,Use of assert detected. The enclosed code will be removed when compiling to optimised byte code.,266,8,33,[266],https://bandit.readthedocs.io/en/1.7.6/plugins/b101_assert_used.html
./tests/test_monitor.py,assert_used,B101,LOW,HIGH,https://cwe.mitre.org/data/definitions/703.html,Use of assert detected. The enclosed code will be removed when compiling to optimised byte code.,267,8,40,[267],https://bandit.readthedocs.io/en/1.7.6/plugins/b101_assert_used.html
./tests/test_monitor.py,assert_used,B101,LOW,HIGH,https://cwe.mitre.org/data/definitions/703.html,Use of assert detected. The enclosed code will be removed when compiling to optimised byte code.,268,8,66,[268],https://bandit.readthedocs.io/en/1.7.6/plugins/b101_assert_used.html
./tests/test_observer.py,assert_used,B101,LOW,HIGH,https://cwe.mitre.org/data/definitions/703.html,Use of assert detected. The enclosed code will be removed when compiling to optimised byte code.,60,8,42,[60],https://bandit.readthedocs.io/en/1.7.6/plugins/b101_assert_used.html
./tests/test_observer.py,assert_used,B101,LOW,HIGH,https://cwe.mitre.org/data/definitions/703.html,Use of assert detected. The enclosed code will be removed when compiling to optimised byte code.,61,8,73,[61],https://bandit.readthedocs.io/en/1.7.6/plugins/b101_assert_used.html
./tests/test_observer.py,assert_used,B101,LOW,HIGH,https://cwe.mitre.org/data/definitions/703.html,Use of assert detected. The enclosed code will be removed when compiling to optimised byte code.,104,8,42,[104],https://bandit.readthedocs.io/en/1.7.6/plugins/b101_assert_used.html
./tests/test_observer.py,assert_used,B101,LOW,HIGH,https://cwe.mitre.org/data/definitions/703.html,Use of assert detected. The enclosed code will be removed when compiling to optimised byte code.,105,8,53,[105],https://bandit.readthedocs.io/en/1.7.6/plugins/b101_assert_used.html
./tests/test_observer.py,assert_used,B101,LOW,HIGH,https://cwe.mitre.org/data/definitions/703.html,Use of assert detected. The enclosed code will be removed when compiling to optimised byte code.,178,8,40,[178],https://bandit.readthedocs.io/en/1.7.6/plugins/b101_assert_used.html
./tests/test_observer.py,assert_used,B101,LOW,HIGH,https://cwe.mitre.org/data/definitions/703.html,Use of assert detected. The enclosed code will be removed when compiling to optimised byte code.,179,8,40,[179],https://bandit.readthedocs.io/en/1.7.6/plugins/b101_assert_used.html
./tests/test_observer.py,assert_used,B101,LOW,HIGH,https://cwe.mitre.org/data/definitions/703.html,Use of assert detected. The enclosed code will be removed when compiling to optimised byte code.,202,8,30,[202],https://bandit.readthedocs.io/en/1.7.6/plugins/b101_assert_used.html
./tests/test_observer.py,assert_used,B101,LOW,HIGH,https://cwe.mitre.org/data/definitions/703.html,Use of assert detected. The enclosed code will be removed when compiling to optimised byte code.,203,8,40,[203],https://bandit.readthedocs.io/en/1.7.6/plugins/b101_assert_used.html
./tests/test_observer.py,assert_used,B101,LOW,HIGH,https://cwe.mitre.org/data/definitions/703.html,Use of assert detected. The enclosed code will be removed when compiling to optimised byte code.,204,8,66,[204],https://bandit.readthedocs.io/en/1.7.6/plugins/b101_assert_used.html
./tests/test_observer.py,assert_used,B101,LOW,HIGH,https://cwe.mitre.org/data/definitions/703.html,Use of assert detected. The enclosed code will be removed when compiling to optimised byte code.,208,8,33,[208],https://bandit.readthedocs.io/en/1.7.6/plugins/b101_assert_used.html
./tests/test_observer.py,assert_used,B101,LOW,HIGH,https://cwe.mitre.org/data/definitions/703.html,Use of assert detected. The enclosed code will be removed when compiling to optimised byte code.,209,8,40,[209],https://bandit.readthedocs.io/en/1.7.6/plugins/b101_assert_used.html
./tests/test_observer.py,assert_used,B101,LOW,HIGH,https://cwe.mitre.org/data/definitions/703.html,Use of assert detected. The enclosed code will be removed when compiling to optimised byte code.,210,8,66,[210],https://bandit.readthedocs.io/en/1.7.6/plugins/b101_assert_used.html
./tests/test_util.py,assert_used,B101,LOW,HIGH,https://cwe.mitre.org/data/definitions/703.html,Use of assert detected. The enclosed code will be removed when compiling to optimised byte code.,30,4,69,[30],https://bandit.readthedocs.io/en/1.7.6/plugins/b101_assert_used.html
./tests/test_util.py,assert_used,B101,LOW,HIGH,https://cwe.mitre.org/data/definitions/703.html,Use of assert detected. The enclosed code will be removed when compiling to optimised byte code.,31,4,68,[31],https://bandit.readthedocs.io/en/1.7.6/plugins/b101_assert_used.html
./tests/test_util.py,assert_used,B101,LOW,HIGH,https://cwe.mitre.org/data/definitions/703.html,Use of assert detected. The enclosed code will be removed when compiling to optimised byte code.,33,4,51,[33],https://bandit.readthedocs.io/en/1.7.6/plugins/b101_assert_used.html
./tests/test_util.py,assert_used,B101,LOW,HIGH,https://cwe.mitre.org/data/definitions/703.html,Use of assert detected. The enclosed code will be removed when compiling to optimised byte code.,44,4,52,"[44, 45]",https://bandit.readthedocs.io/en/1.7.6/plugins/b101_assert_used.html
./tests/test_util.py,assert_used,B101,LOW,HIGH,https://cwe.mitre.org/data/definitions/703.html,Use of assert detected. The enclosed code will be removed when compiling to optimised byte code.,46,4,71,[46],https://bandit.readthedocs.io/en/1.7.6/plugins/b101_assert_used.html
./tests/test_util.py,assert_used,B101,LOW,HIGH,https://cwe.mitre.org/data/definitions/703.html,Use of assert detected. The enclosed code will be removed when compiling to optimised byte code.,48,4,54,[48],https://bandit.readthedocs.io/en/1.7.6/plugins/b101_assert_used.html
./tests/test_util.py,assert_used,B101,LOW,HIGH,https://cwe.mitre.org/data/definitions/703.html,Use of assert detected. The enclosed code will be removed when compiling to optimised byte code.,60,4,56,[60],https://bandit.readthedocs.io/en/1.7.6/plugins/b101_assert_used.html
./tests/test_util.py,assert_used,B101,LOW,HIGH,https://cwe.mitre.org/data/definitions/703.html,Use of assert detected. The enclosed code will be removed when compiling to optimised byte code.,61,4,74,[61],https://bandit.readthedocs.io/en/1.7.6/plugins/b101_assert_used.html
./tests/test_util.py,assert_used,B101,LOW,HIGH,https://cwe.mitre.org/data/definitions/703.html,Use of assert detected. The enclosed code will be removed when compiling to optimised byte code.,62,4,64,[62],https://bandit.readthedocs.io/en/1.7.6/plugins/b101_assert_used.html
./tests/test_util.py,assert_used,B101,LOW,HIGH,https://cwe.mitre.org/data/definitions/703.html,Use of assert detected. The enclosed code will be removed when compiling to optimised byte code.,67,4,59,[67],https://bandit.readthedocs.io/en/1.7.6/plugins/b101_assert_used.html
./tests/test_util.py,assert_used,B101,LOW,HIGH,https://cwe.mitre.org/data/definitions/703.html,Use of assert detected. The enclosed code will be removed when compiling to optimised byte code.,68,4,66,[68],https://bandit.readthedocs.io/en/1.7.6/plugins/b101_assert_used.html
./tests/test_util.py,assert_used,B101,LOW,HIGH,https://cwe.mitre.org/data/definitions/703.html,Use of assert detected. The enclosed code will be removed when compiling to optimised byte code.,73,4,54,[73],https://bandit.readthedocs.io/en/1.7.6/plugins/b101_assert_used.html
./tests/test_util.py,assert_used,B101,LOW,HIGH,https://cwe.mitre.org/data/definitions/703.html,Use of assert detected. The enclosed code will be removed when compiling to optimised byte code.,74,4,65,[74],https://bandit.readthedocs.io/en/1.7.6/plugins/b101_assert_used.html
./tests/test_util.py,assert_used,B101,LOW,HIGH,https://cwe.mitre.org/data/definitions/703.html,Use of assert detected. The enclosed code will be removed when compiling to optimised byte code.,75,4,55,[75],https://bandit.readthedocs.io/en/1.7.6/plugins/b101_assert_used.html
./tests/test_util.py,assert_used,B101,LOW,HIGH,https://cwe.mitre.org/data/definitions/703.html,Use of assert detected. The enclosed code will be removed when compiling to optimised byte code.,76,4,66,[76],https://bandit.readthedocs.io/en/1.7.6/plugins/b101_assert_used.html
./tests/test_util.py,assert_used,B101,LOW,HIGH,https://cwe.mitre.org/data/definitions/703.html,Use of assert detected. The enclosed code will be removed when compiling to optimised byte code.,81,4,54,[81],https://bandit.readthedocs.io/en/1.7.6/plugins/b101_assert_used.html
./tests/test_util.py,assert_used,B101,LOW,HIGH,https://cwe.mitre.org/data/definitions/703.html,Use of assert detected. The enclosed code will be removed when compiling to optimised byte code.,82,4,36,[82],https://bandit.readthedocs.io/en/1.7.6/plugins/b101_assert_used.html
./tests/test_util.py,assert_used,B101,LOW,HIGH,https://cwe.mitre.org/data/definitions/703.html,Use of assert detected. The enclosed code will be removed when compiling to optimised byte code.,87,4,54,[87],https://bandit.readthedocs.io/en/1.7.6/plugins/b101_assert_used.html
./tests/test_util.py,assert_used,B101,LOW,HIGH,https://cwe.mitre.org/data/definitions/703.html,Use of assert detected. The enclosed code will be removed when compiling to optimised byte code.,88,4,40,[88],https://bandit.readthedocs.io/en/1.7.6/plugins/b101_assert_used.html
./tests/test_util.py,assert_used,B101,LOW,HIGH,https://cwe.mitre.org/data/definitions/703.html,Use of assert detected. The enclosed code will be removed when compiling to optimised byte code.,95,4,76,[95],https://bandit.readthedocs.io/en/1.7.6/plugins/b101_assert_used.html
./tests/test_util.py,assert_used,B101,LOW,HIGH,https://cwe.mitre.org/data/definitions/703.html,Use of assert detected. The enclosed code will be removed when compiling to optimised byte code.,99,4,50,[99],https://bandit.readthedocs.io/en/1.7.6/plugins/b101_assert_used.html
./tests/test_util.py,assert_used,B101,LOW,HIGH,https://cwe.mitre.org/data/definitions/703.html,Use of assert detected. The enclosed code will be removed when compiling to optimised byte code.,134,8,36,"[134, 135, 136, 137, 138]",https://bandit.readthedocs.io/en/1.7.6/plugins/b101_assert_used.html
